 ,Total Compensation, Total Expenses, Total Contributions, Totals
 , 40057285.23, 8521131.65, 3600430.75, 52178847.63

Name, Compensation, Expenses, Contributions, Totals
1 800 CONTACTS INC, 18000.00, 0.00, 0.00, 18000.00
1ENERGY SYSTEMS INC, 0.00, 0.00, 0.00, 0.00
3M COMPANY TRAFFIC SAFETY SYSTEMS DIVISION, 0.00, 0.00, 0.00, 0.00
4000 PROPERTY LLC, 6000.00, 0.00, 0.00, 6000.00
4CULTURE, 18000.00, 0.00, 0.00, 18000.00
7-ELEVEN INC, 39999.96, 28462.89, 0.00, 68462.85
AAA WASHINGTON, 745.00, 169.80, 0.00, 914.80
AARP WA ST OFFICE, 40612.00, 660.00, 0.00, 41272.00
ABATE OF WA, 0.00, 0.00, 0.00, 0.00
ABBOTT LABORATORIES, 14400.00, 0.00, 0.00, 14400.00
ABBVIE INC, 33419.00, 14376.76, 0.00, 47795.76
ACCREDITATION ASSN FOR AMBULATORY HEALTH CARE, 1900.00, 0.00, 0.00, 1900.00
ACE GROUP, 38125.00, 66.00, 0.00, 38191.00
ACE METALS CORP, 12100.00, 0.00, 0.00, 12100.00
ACME LLC, 0.00, 0.00, 0.00, 0.00
ACT INC, 801.00, 22.90, 0.00, 823.90
ACTAVIS PLC, 0.00, 0.00, 0.00, 0.00
ACTION FOR RHC'S, 0.00, 0.00, 0.00, 0.00
ADDUS HEALTHCARE, 35000.00, 0.00, 0.00, 35000.00
ADT LLC DBA ADT SECURITY SERVICES, 12000.00, 0.00, 0.00, 12000.00
ADULT FAMILY HOME COUNCIL, 18000.00, 0.00, 0.00, 18000.00
ADVANCE AMERICA (THRU MULTISTATE), 13191.48, 0.00, 0.00, 13191.48
ADVANCED MEDICAL TECHNOLOGY ASSN, 30800.00, 0.00, 0.00, 30800.00
ADVOCATES INC*, 0.00, 0.00, 0.00, 0.00
AEQUUS CORPORATION*, 25500.00, 0.00, 0.00, 25500.00
AEROSPACE FUTURES ALLIANCE OF WASHINGTON LTD, 199166.67, 0.00, 19950.00, 219116.67
AETNA, 0.00, 0.00, 0.00, 0.00
AFLAC, 12000.00, 0.00, 0.00, 12000.00
AFT WASHINGTON, 31809.32, 3546.69, 21000.00, 56385.59
AGRI BEEF CO, 82500.00, 0.00, 0.00, 82500.00
AHNE PLLC*, 0.00, 0.00, 0.00, 0.00
AIRCRAFT OWNERS & PILOTS ASSN, 168.12, 467.68, 0.00, 635.78
ALASKA AIRLINES, 72000.00, 0.00, 66900.00, 138900.00
ALBERS & CO ON BEHALF OF UNITED CONCORDIA DENTAL, 15000.00, 0.00, 0.00, 15000.00
ALCOA US PRIMARY METALS INTALCO ALUMINUM CORP, 0.00, 0.00, 0.00, 0.00
ALKERMES PLC, 0.00, 0.00, 0.00, 0.00
ALL ABOARD WASHINGTON, 6600.00, 1128.00, 0.00, 7728.00
ALLERGAN USA INC, 36588.00, 4363.11, 0.00, 40951.11
ALLIANCE FOR MARINE MAMMAL PARKS & AQUARIUM-KATHLEEN DEZI, 0.00, 0.00, 0.00, 0.00
ALLIANCE FOR SOLAR CHOICE, 63000.00, 20000.00, 0.00, 83000.00
ALLIANCE OF AUTO MANUFACTURERS, 51000.00, 150.55, 0.00, 51150.55
ALLIANCES NORTHWEST*, 0.00, 0.00, 0.00, 0.00
ALLIED DAILY NEWSPAPERS OF WA, 48000.00, 4364.11, 0.00, 52364.11
ALLSTATE INSURANCE CO, 42000.00, 15161.29, 0.00, 57161.29
ALTRIA CLIENT SERVICES LLC & ITS AFFILIATES, 182000.04, 340102.76, 0.00, 522102.80
ALZHEIMERS ASSN WESTERN & CENTRAL WA ST CHAPTER, 12000.00, 0.00, 0.00, 12000.00
AMALGAMATED TRANSIT UNION LEG COUNCIL, 0.00, 0.00, 3900.00, 3900.00
AMAYA GAMING, 0.00, 0.00, 0.00, 0.00
AMAZON.COM, 119292.30, 72477.77, 0.00, 191770.07
AMBER CARTER GOVT RELATIONS LLC*, 0.00, 0.00, 0.00, 0.00
AMBER D LEWIS CONSULTING LLC*, 0.00, 0.00, 0.00, 0.00
AMERESCO QUANTUM, 29750.00, 0.00, 200.00, 29950.00
AMERICAN ACADEMY OF PEDIATRICS-WA CHAPTER, 0.00, 79.11, 0.00, 79.11
AMERICAN ASSN OF UNIVERSITY WOMEN OF WA, 0.00, 0.00, 0.00, 0.00
AMERICAN CANCER SOCIETY CANCER ACTION NETWORK, 22000.00, 0.00, 0.00, 22000.00
AMERICAN CHEMISTRY COUNCIL, 105000.00, 20900.00, 0.00, 125900.00
AMERICAN CIVIL LIBERTIES UNION OF WA, 212051.56, 6495.04, 0.00, 218546.60
AMERICAN COATINGS ASSN, 35000.00, 0.00, 0.00, 35000.00
AMERICAN COLLEGE EMERGENCY PHYSICIANS WA CHAPTER, 0.00, 0.00, 0.00, 0.00
AMERICAN CONGRESS OF OBSTETRICIANS AND GYNECOLOGISTS, 1500.00, 0.00, 0.00, 1500.00
AMERICAN COUNCIL OF ENGINEERING COMPANIES OF WA, 0.00, 0.00, 0.00, 0.00
AMERICAN COUNCIL OF LIFE INSURERS, 40000.00, 950.00, 0.00, 40950.00
AMERICAN EXPLORATION & MINING ASSN, 3500.00, 0.00, 0.00, 3500.00
AMERICAN EXPRESS CO, 27000.00, 85.47, 0.00, 27085.47
AMERICAN FAIR CREDIT COUNCIL (THRU MULTISTATE), 0.00, 0.00, 0.00, 0.00
AMERICAN FAMILY INSURANCE, 37500.00, 59.47, 0.00, 37559.47
AMERICAN FOREST & PAPER ASSN, 34200.00, 1239.12, 0.00, 35439.12
AMERICAN FOREST RESOURCE CNCL, 385.50, 1054.92, 1900.00, 3340.42
AMERICAN GREEN, 0.00, 0.00, 0.00, 0.00
AMERICAN HEART ASSN, 40288.00, 3135.64, 0.00, 43423.64
AMERICAN HOTEL, 0.00, 0.00, 0.00, 0.00
AMERICAN INSTITUTE OF ARCHITECTS WA COUNCIL, 0.00, 0.00, 0.00, 0.00
AMERICAN INSURANCE ASSN, 49835.76, 2063.83, 0.00, 51899.59
AMERICAN INTERNATIONAL GROUP INC, 42000.00, 0.00, 0.00, 42000.00
AMERICAN LUNG ASSN OF THE MOUNTAIN PACIFIC, 0.00, 0.00, 0.00, 0.00
AMERICAN MASSAGE THERAPY ASSN- WA CHAPTER, 21282.00, 0.00, 0.00, 21282.00
AMERICAN MEDICAL RESPONSE, 0.00, 48000.00, 0.00, 48000.00
AMERICAN PLANNING ASSN WA CHAPTER, 24000.00, 0.00, 0.00, 24000.00
AMERICAN PROGRESSIVE BAG ALLIANCE/SPI, 13559.91, 0.00, 0.00, 13559.91
AMERICAN PUBLIC WORKS ASSN, 0.00, 0.00, 0.00, 0.00
AMERICAN SOCIETY FOR THE PREVENTION OF CRUELTY TO ANIMALS, 15494.60, 0.00, 0.00, 15494.60
AMERICAN SOCIETY OF COMPOSERS;AUTHORS;& PUBLISHERS, 51675.00, 0.00, 0.00, 51675.00
AMERICAN TRAFFIC SOLUTIONS INC, 42000.00, 10000.00, 0.00, 52000.00
AMERICAN WATERWAYS OPERATORS, 20000.00, 219.14, 0.00, 20219.14
AMERICAN WOOD COUNCIL, 3800.00, 0.00, 0.00, 3800.00
AMERICANS FOR SAFE ACCESS, 0.00, 0.00, 0.00, 0.00
AMERICAS HEALTH INSURANCE PLANS, 66000.00, 0.00, 0.00, 66000.00
AMERIHEALTH CARITAS, 50000.00, 0.00, 0.00, 50000.00
AMGEN INC, 69152.00, 19154.72, 0.00, 88306.72
ANHEUSER-BUSCH COMPANIES INC, 60000.00, 0.00, 0.00, 60000.00
ANIMAL WELFARE INSTITUTE (AWI), 0.00, 0.00, 0.00, 0.00
ANSWER FINANCIAL INC, 21250.00, 0.00, 0.00, 21250.00
ANTHEM INC & ITS AFFILIATES, 237000.00, 13800.00, 0.00, 250800.00
ANTI SMOKING ALLIANCE DBA PINK LUNG BRIGADE, 42000.00, 345.00, 2700.00, 45045.00
APPLE INC, 694.00, 5.00, 0.00, 699.00
APPLUS TECHNOLOGIES (THRU MULTISATE), 30000.00, 0.00, 0.00, 30000.00
APPRAISERS COALITION OF WA, 15000.00, 0.00, 0.00, 15000.00
APPRISS INC, 39000.00, 0.00, 0.00, 39000.00
ARABELLAS LANDING MARINA, 26000.00, 0.00, 0.00, 26000.00
ARBAUGH DAVIC C, 31000.00, 917.76, 0.00, 31917.76
ARC OF KING CO, 0.00, 0.00, 0.00, 0.00
ARC OF SNOHOMISH CO, 50.00, 0.00, 0.00, 50.00
ARC OF SPOKANE, 217.73, 1110.54, 0.00, 1328.27
ARC OF WA ST, 9200.00, 2165.00, 0.00, 11365.00
ARCHITECTS & ENGINEERS LEGIS COUNCIL, 83559.96, 207.84, 0.00, 83767.80
ARMSTRONG & ASSOC*, 0.00, 0.00, 0.00, 0.00
ARNPS UNITED OF WA ST, 4400.00, 0.00, 0.00, 4400.00
ARROW LAUNCH SERVICES INC, 0.00, 0.00, 0.00, 0.00
ARTHRITIS FOUNDATION GREAT WEST REGION, 2750.71, 228.14, 0.00, 2978.85
ARTSFUND, 51628.14, 0.00, 0.00, 51628.14
ARZU FOROUGH, 0.00, 0.00, 0.00, 0.00
ASH GROVE CEMENT CO, 62000.00, 6490.38, 0.00, 68490.38
ASPI GROUP, 0.00, 0.00, 0.00, 0.00
ASSISTED LIVING FEDERATION OF AMERICA, 0.00, 0.00, 0.00, 0.00
ASSN FOR MEDICAL CANNABIS REFORM, 11400.00, 0.00, 0.00, 11400.00
ASSN OF ADV PRACTICE PSYCHIATRIC NURSES, 19700.00, 0.00, 0.00, 19700.00
ASSN OF ALCOHOLISM & ADDICTIONS PROGRAMS, 24000.00, 539.34, 0.00, 24539.34
ASSN OF AMERICAN PUBLISHERS, 0.00, 0.00, 0.00, 0.00
ASSN OF DENTAL SUPPORT ORGANIZATIONS, 123242.31, 5415.10, 0.00, 128657.41
ASSN OF SURGICAL TECHNOLOGISTS, 12000.00, 1241.73, 0.00, 13241.73
ASSN OF WA AERIAL APPLICATORS, 12000.00, 0.00, 0.00, 12000.00
ASSN OF WA BUSINESS, 710358.80, 498.99, 0.00, 710857.79
ASSN OF WA CITIES, 10002.85, 12322.14, 0.00, 22324.99
ASSN OF WA HEALTHCARE PLANS, 18000.00, 1521.18, 0.00, 19521.18
ASSN OF WA HOUSING AUTHORITIES, 15000.00, 0.00, 0.00, 15000.00
ASSN OF WA PUBLIC HOSPITAL DISTRICTS, 108000.00, 5353.00, 0.00, 113353.00
ASSN OF WA SCHOOL PRINCIPALS, 52351.04, 0.00, 0.00, 52351.04
ASSN OF WA SPIRITS & WINE DISTRIBUTORS, 168000.00, 0.00, 0.00, 168000.00
ASSN OF WA ST PUBLIC FACILITIES DISTS, 2000.00, 0.00, 0.00, 2000.00
ASSOC STUDENTS OF CENTRAL WA UNIVERSITY, 0.00, 0.00, 0.00, 0.00
ASSOC STUDENTS OF EASTERN WA UNIVERSITY, 7372.02, 6000.00, 0.00, 13372.02
ASSOC STUDENTS OF UNIV OF WA, 0.00, 0.00, 0.00, 0.00
ASSOC STUDENTS OF WA ST UNIVERSITY, 0.00, 0.00, 0.00, 0.00
ASSOC STUDENTS OF WESTERN WA UNIVERSITY, 0.00, 0.00, 0.00, 0.00
ASSOCIATED BUILDERS & CONTRACTORS (WESTERN WA CHAPTER), 0.00, 0.00, 0.00, 0.00
ASSOCIATED BUILDERS & CONTRACTORS--INLAND PACIFIC CHAPTER, 11250.00, 163.84, 0.00, 11413.84
ASSOCIATED GENERAL CONTRACTORS OF WA, 122040.96, 102463.22, 0.00, 224504.18
ASSOCIATED INDUSTRIES, 36000.00, 0.00, 0.00, 36000.00
ASSOCIATED STUDENT GOV OF BELLEVUE COLLEGE, 0.00, 0.00, 0.00, 0.00
ASSOCIATED STUDENTS OF THE UNIVERSITY OF WA BOTHELL, 0.00, 0.00, 0.00, 0.00
ASSOCIATED STUDENTS OF UNIVERSITY OF WA TACOMA, 0.00, 0.00, 0.00, 0.00
ASTELLAS PHARMA US INC, 15000.00, 0.00, 0.00, 15000.00
ASTRAZENECA PHARMACEUTICALS LP, 50000.00, 582.08, 0.00, 50582.08
AT&T SERVICES INC, 132000.00, 0.00, 0.00, 132000.00
ATM HOLDINGS LLC, 0.00, 0.00, 0.00, 0.00
AVALON HEALTH CARE INC, 68199.00, 5595.21, 0.00, 73794.21
AVIATION TECHNICAL SERVICES INC, 48000.00, 0.00, 0.00, 48000.00
AVISTA CORP, 247978.62, 71349.24, 201771.09, 521098.95
BACK COUNTRY HORSEMAN OF WA, 13118.32, 0.00, 0.00, 13118.32
BALDWIN CHESTER, 0.00, 0.00, 0.00, 0.00
BANK OF AMERICA CORP, 60000.00, 599.85, 0.00, 60599.85
BASEBALL CLUB OF SEATTLE (SEATTLE MARINERS), 26000.04, 734.08, 16100.00, 42834.12
BASIN DISPOSAL INC, 0.00, 0.00, 0.00, 0.00
BATTELLE, 49200.00, 0.00, 0.00, 49200.00
BAXTER HEALTHCARE CORP, 45000.00, 0.00, 0.00, 45000.00
BAYER CORPORATION, 38319.00, 3474.00, 0.00, 41793.00
BD LAWSON PARTNERS LC, 108500.00, 0.00, 0.00, 108500.00
BEHIND THE BADGE FOUNDATION, 0.00, 0.00, 0.00, 0.00
BENTON PUD, 0.00, 0.00, 0.00, 0.00
BENTON RURAL ELECTRIC ASSN, 14711.25, 1075.49, 0.00, 15786.74
BERENDT & ASSOC LLC*, 0.00, 0.00, 0.00, 0.00
BETHEL SCHOOL DISTRICT, 0.00, 0.00, 0.00, 0.00
BIO ENERGY WA / INDUSTRIAL POWER GENERATING CO, 0.00, 0.00, 0.00, 0.00
BIOGEN, 0.00, 0.00, 0.00, 0.00
BIOTECHNOLOGY INDUSTRY ORG, 42000.00, 0.00, 0.00, 42000.00
BLACK BALL TRANSPORT INC, 6000.00, 2692.52, 0.00, 8692.52
BLDG OWNERS & MANAGERS ASSN OF KING CO, 33934.00, 2677.00, 0.00, 36611.00
BLEEDING DISORDER FOUNDATION OF WA, 25000.00, 0.00, 0.00, 25000.00
BLOODWORKS NW, 21666.00, 16.51, 0.00, 21682.51
BLUE STAR GAS, 1923.55, 369.05, 0.00, 2292.60
BOEHRINGER INGELHEIM PHARMACEUTICALS INC, 36000.00, 3378.00, 0.00, 39378.00
BOEING, 286981.00, 7039.27, 0.00, 294020.27
BOEING EMPLOYEES CREDIT UNION, 97498.00, 9950.00, 0.00, 107448.00
BOGARD & JOHNSON LLC*, 94000.00, 0.00, 0.00, 94000.00
BOISE CASCADE LLC, 30000.00, 927.41, 0.00, 30927.41
BOSWELL CONSULTING*, 0.00, 0.00, 0.00, 0.00
BP AMERICA INC, 186000.00, 10165.12, 0.00, 196165.12
BREMERTON HISTORIC SHIPS ASSN, 0.00, 0.00, 0.00, 0.00
BRIGHT SPRING STRATEGY CONSULTING, 0.00, 0.00, 0.00, 0.00
BRISTOL-MYERS SQUIBB CO, 43739.00, 12491.12, 0.00, 56230.12
BROADBAND COMMUNICATIONS ASSN OF WA, 162000.00, 0.00, 0.00, 162000.00
BROADCAST MUSIC INC, 0.00, 0.00, 0.00, 0.00
BROTHERHOOD OF LOCOMOTIVE ENGINEERS WA ST LEG BOARD, 10800.00, 633.03, 0.00, 11433.03
BROWN MARK O, 40250.00, 0.00, 0.00, 40250.00
BUCHHOLZ & ASSOC LLC*, 0.00, 0.00, 0.00, 0.00
BUCHHOLZ FARMS, 0.00, 0.00, 0.00, 0.00
BUILDING CHANGES, 23808.39, 3083.50, 0.00, 26891.89
BUILDING INDUSTRY ASSN OF WA, 192000.00, 14061.95, 0.00, 206061.95
BURKE MUSEUM ASSN, 19500.00, 0.00, 0.00, 19500.00
BURLINGTON NORTHERN SANTA FE RAILROAD, 123999.96, 42617.27, 0.00, 166617.23
CADMAN INC, 18000.00, 144.90, 0.00, 18144.90
CAL PORTLAND COMPANY, 48000.00, 8369.53, 0.00, 56369.53
CAMPAIGN FOR TOBACCO FREE KIDS, 1600.00, 0.00, 0.00, 1600.00
CAMPION ADVOCACY FUND, 14000.00, 736.39, 0.00, 14736.39
CAN MANUFACTURERS INSTITUTE (THRU MULTISTATE), 12500.00, 0.00, 0.00, 12500.00
CANNABIS ORGANIZATION OF RETAIL ESTABLISHMENTS, 9750.00, 0.00, 0.00, 9750.00
CANNABIS RETAILERS FOR SMART REGULATION, 0.00, 0.00, 0.00, 0.00
CAPITAL BENEFIT SERVICES, 48600.00, 0.00, 0.00, 48600.00
CAPITAL MEDICAL CENTER, 15000.00, 330.44, 0.00, 15330.44
CAPITOL CONNECTION*, 0.00, 0.00, 0.00, 0.00
CAPITOL SOLUTIONS*, 10000.00, 0.00, 0.00, 10000.00
CAPITOL STRATEGIES CONSULTING*, 0.00, 0.00, 0.00, 0.00
CARECORE NATL LLC, 0.00, 0.00, 0.00, 0.00
CARING FOR WASHINGTON, 10000.00, 0.00, 0.00, 10000.00
CARMAX AUTO SUPERSTORES INC, 0.00, 0.00, 0.00, 0.00
CARNEY BADLEY SPELLMAN*, 0.00, 0.00, 0.00, 0.00
CASCADE GOVT AFFAIRS LLC*, 0.00, 0.00, 0.00, 0.00
CASCADE NATURAL GAS, 43721.66, 20650.00, 0.00, 64371.66
CASCADE UNISERV COUNCIL, 2962.58, 359.76, 0.00, 3322.34
CASCADE WATER ALLIANCE, 78000.00, 0.00, 0.00, 78000.00
CASCADIA LAW GROUP*, 0.00, 0.00, 0.00, 0.00
CASH AMERICA, 60000.00, 1522.37, 0.00, 61522.37
CATHOLIC COMMUNITY SERVICES, 2469.78, 0.00, 0.00, 2469.78
CATTLE PRODUCERS OF WA, 0.00, 0.00, 0.00, 0.00
CEDAR RIVER CLINICS, 9000.00, 0.00, 0.00, 9000.00
CENTER FOR CHILDREN & YOUTH JUSTICE, 637.06, 141.63, 0.00, 778.69
CENTER FOR DIAGNOSTIC IMAGING, 0.00, 0.00, 0.00, 0.00
CENTER FOR ENVIRONMENTAL LAW & POLICY, 15000.00, 0.00, 0.00, 15000.00
CENTRAL PUGET SOUND REGIONAL TRANSIT AUTHORITY / SOUND TRANSIT, 0.00, 0.00, 0.00, 0.00
CENTRAL WA GRAIN GROWERS INC, 75000.00, 9332.29, 0.00, 84332.29
CENTRAL WA UNIVERSITY, 673.00, 75.00, 0.00, 748.00
CENTURYLINK, 117469.92, 33307.50, 0.00, 150777.42
CERTIFIED ELECTRICAL WORKERS OF WA, 0.00, 0.00, 0.00, 0.00
CGI TECHNOLOGIES & SOLUTIONS INC, 16500.00, 0.00, 0.00, 16500.00
CHECK INTO CASH (THRU MULTISTATE), 13191.48, 0.00, 0.00, 13191.48
CHECKER CAB OF SEA-TAC CORP, 0.00, 0.00, 0.00, 0.00
CHECKERBOARD CONSULTING SERVICES LLC*, 0.00, 0.00, 0.00, 0.00
CHEHALIS CONFEDERATED TRIBES, 0.00, 0.00, 0.00, 0.00
CHELAN CO PUBLIC UTILITY DIST #1, 0.00, 0.00, 0.00, 0.00
CHEVRON USA INC, 84600.00, 1830.80, 81300.00, 167730.80
CHILDHAVEN, 0.00, 0.00, 0.00, 0.00
CHILDRENS ALLIANCE, 63336.00, 0.00, 0.00, 63336.00
CHILDRENS HEALTH IS A LEGAL DUTY (CHILD) INC, 0.00, 0.00, 0.00, 0.00
CHILDRENS HOME SOCIETY OF WA, 0.00, 0.00, 0.00, 0.00
CHRISTIAN SCIENCE COMM ON PUBLICATION, 0.00, 0.00, 0.00, 0.00
CHRISTOPHERSEN INC*, 0.00, 0.00, 0.00, 0.00
CHSPSC LLC, 78000.00, 0.00, 0.00, 78000.00
CIGAR ASSN OF AMERICA, 40000.00, 0.00, 0.00, 40000.00
CIGNA HEALTHCARE, 30000.00, 0.00, 0.00, 30000.00
CISCO SYSTEMS INC (THRU ELLI ABDOLI DESIGNATED AGENT FOR FILER, 18000.00, 0.00, 0.00, 18000.00
CIT ALLIANCE FOR PROPERTY RIGHTS, 0.00, 0.00, 0.00, 0.00
CIT FOR PARKS & RECREATION, 2250.00, 0.00, 0.00, 2250.00
CITIES INSURANCE ASSN OF WA, 10599.96, 0.00, 0.00, 10599.96
CITIGROUP, 60000.00, 0.00, 0.00, 60000.00
CITY OF ALGONA, 0.00, 0.00, 0.00, 0.00
CITY OF ARLINGTON, 0.00, 0.00, 0.00, 0.00
CITY OF AUBURN, 0.00, 0.00, 0.00, 0.00
CITY OF BELLEVUE, 0.00, 0.00, 0.00, 0.00
CITY OF BELLINGHAM, 0.00, 0.00, 0.00, 0.00
CITY OF BURIEN, 0.00, 0.00, 0.00, 0.00
CITY OF CENTRALIA, 0.00, 0.00, 0.00, 0.00
CITY OF CHENEY, 22000.00, 0.00, 0.00, 22000.00
CITY OF COLLEGE PLACE, 0.00, 0.00, 0.00, 0.00
CITY OF COVINGTON, 0.00, 0.00, 0.00, 0.00
CITY OF EDMONDS, 0.00, 0.00, 0.00, 0.00
CITY OF EVERETT, 0.00, 0.00, 0.00, 0.00
CITY OF FEDERAL WAY, 0.00, 0.00, 0.00, 0.00
CITY OF FIFE, 0.00, 0.00, 0.00, 0.00
CITY OF GIG HARBOR, 39999.96, 0.00, 0.00, 39999.96
CITY OF GRANITE FALLS, 12600.00, 0.00, 0.00, 12600.00
CITY OF ISSAQUAH, 0.00, 0.00, 0.00, 0.00
CITY OF KELSO, 20000.00, 0.00, 0.00, 20000.00
CITY OF KENMORE, 0.00, 0.00, 0.00, 0.00
CITY OF KENNEWICK, 0.00, 0.00, 0.00, 0.00
CITY OF KENT, 0.00, 0.00, 0.00, 0.00
CITY OF KIRKLAND, 0.00, 0.00, 0.00, 0.00
CITY OF LA CENTER, 0.00, 0.00, 0.00, 0.00
CITY OF LACEY, 0.00, 0.00, 0.00, 0.00
CITY OF LAKE FOREST PARK, 0.00, 0.00, 0.00, 0.00
CITY OF LAKE STEVENS, 0.00, 0.00, 0.00, 0.00
CITY OF LAKEWOOD, 54000.00, 11.80, 0.00, 54011.80
CITY OF LONGVIEW, 0.00, 0.00, 0.00, 0.00
CITY OF LYNDEN, 30996.00, 0.00, 0.00, 30996.00
CITY OF MAPLE VALLEY, 0.00, 0.00, 0.00, 0.00
CITY OF MARYSVILLE, 0.00, 0.00, 0.00, 0.00
CITY OF MOUNTLAKE TERRACE, 39999.96, 0.00, 0.00, 39999.96
CITY OF OMAK, 0.00, 0.00, 0.00, 0.00
CITY OF PASCO, 39996.00, 6.02, 0.00, 40002.02
CITY OF PORT ORCHARD, 0.00, 0.00, 0.00, 0.00
CITY OF PUYALLUP, 0.00, 0.00, 0.00, 0.00
CITY OF QUINCY, 0.00, 0.00, 0.00, 0.00
CITY OF REDMOND, 0.00, 0.00, 0.00, 0.00
CITY OF RENTON, 0.00, 0.00, 0.00, 0.00
CITY OF RICHLAND, 0.00, 0.00, 0.00, 0.00
CITY OF RIDGEFIELD, 0.00, 0.00, 0.00, 0.00
CITY OF ROSLYN, 0.00, 0.00, 0.00, 0.00
CITY OF SEATAC, 0.00, 0.00, 0.00, 0.00
CITY OF SEATTLE, 0.00, 0.00, 0.00, 0.00
CITY OF SHELTON, 0.00, 0.00, 0.00, 0.00
CITY OF SHORELINE, 0.00, 0.00, 0.00, 0.00
CITY OF SNOHOMISH, 0.00, 0.00, 0.00, 0.00
CITY OF SPOKANE, 0.00, 0.00, 0.00, 0.00
CITY OF SPOKANE VALLEY, 0.00, 0.00, 0.00, 0.00
CITY OF STANWOOD, 0.00, 0.00, 0.00, 0.00
CITY OF SUMNER, 0.00, 0.00, 0.00, 0.00
CITY OF TACOMA, 0.00, 0.00, 0.00, 0.00
CITY OF VANCOUVER, 0.00, 0.00, 0.00, 0.00
CITY OF WALLA WALLA, 0.00, 0.00, 0.00, 0.00
CITY OF YAKIMA, 0.00, 0.00, 0.00, 0.00
CITY OF YELM, 0.00, 0.00, 0.00, 0.00
CIVIC GROUP*, 60000.00, 0.00, 0.00, 60000.00
CLARK CO HIGH TECHNOLOGY & COMMUNITY COUNCIL (HTC), 11250.00, 0.00, 0.00, 11250.00
CLARK COUNTY, 0.00, 0.00, 0.00, 0.00
CLARK PUBLIC UTILITIES, 0.00, 0.00, 0.00, 0.00
CLARKE WILLIAM, 0.00, 0.00, 0.00, 0.00
CLASS SIZE COUNTS, 0.00, 0.00, 0.00, 0.00
CLEAN ENERGY, 5940.00, 0.00, 0.00, 5940.00
CLEANTECH ALLIANCE WA, 41000.00, 0.00, 0.00, 41000.00
CLEAR CHANNEL OUTDOOR, 0.00, 0.00, 4800.00, 4800.00
CLIFFORD TRAISMAN & ASSOC*, 0.00, 0.00, 0.00, 0.00
CLIMATE SOLUTIONS, 30000.00, 0.00, 0.00, 30000.00
CLIPPER NAVIGATION, 0.00, 0.00, 0.00, 0.00
CNSI, 36000.00, 69.56, 0.00, 36069.56
CNU ONLINE HOLDINGS INC ENOVA THRU JACKSON VAUGHN PUBLIC STRATEGIES LLC, 0.00, 0.00, 0.00, 0.00
COALITION FOR CANNABIS STANDARDS & ETHICS, 22750.00, 0.00, 0.00, 22750.00
COALITION OF COASTAL FISHERIES, 0.00, 0.00, 0.00, 0.00
COASTAL CONSERVATION ASSN WA, 0.00, 42000.00, 0.00, 42000.00
COLLEGE SUCCESS FOUNDATION, 95000.00, 1512.00, 0.00, 96512.00
COLUMBIA BASIN DEVELOPMENT LEAGUE, 48000.00, 0.00, 0.00, 48000.00
COLUMBIA BASIN RAILROAD(CBR)/CENTRAL WA RAILROAD (CWR), 18000.00, 0.00, 0.00, 18000.00
COLUMBIA LEGAL SERVICES, 31718.93, 1868.51, 0.00, 33587.44
COLUMBIA RIVER PILOTS, 14000.00, 0.00, 0.00, 14000.00
COLUMBIA RIVER STEAMSHIP OPERATORS ASSN, 16200.00, 483.39, 0.00, 16683.39
COLUMBIA RURAL ELECTRIC ASSN, 24000.00, 119.71, 0.00, 24119.71
COLUMBIA SNAKE RIVER IRRIGATORS ASSN, 42000.00, 0.00, 0.00, 42000.00
COLUMBIA UNITED PROVIDERS, 0.00, 0.00, 0.00, 0.00
COLVILLE CONFEDERATED TRIBES, 0.00, 0.00, 0.00, 0.00
COMCAST CABLE COMMUNICATIONS, 144000.00, 116649.05, 0.00, 260649.05
COMMITTEE FOR CHILDREN, 0.00, 0.00, 0.00, 0.00
COMMUNICO*, 0.00, 0.00, 0.00, 0.00
COMMUNITIES IN SCHOOLS OF WA, 32000.00, 0.00, 0.00, 32000.00
COMMUNITY ASSOC INSTITUTE, 37400.00, 370.00, 0.00, 37770.00
COMMUNITY BANKERS OF WA, 0.00, 0.00, 0.00, 0.00
COMMUNITY EMPLOYMENT ALLIANCE, 12260.00, 0.00, 0.00, 12260.00
COMMUNITY HEALTH NETWORK OF WA, 260845.13, 59252.03, 1303200.00, 1623297.16
COMMUNITY RESIDENTIAL SERVICES ASSN, 37200.00, 611.20, 0.00, 37811.20
COMP TIA, 29500.00, 9195.40, 0.00, 38695.40
COMPASS HEALTH, 81774.00, 92.00, 0.00, 81866.00
COMPASS HOUSING ALLIANCE, 0.00, 0.00, 0.00, 0.00
COMPASSION & CHOICES, 0.00, 0.00, 0.00, 0.00
CONFEDERATED TRIBES & BANDS OF THE YAKAMA NATION, 0.00, 0.00, 0.00, 0.00
CONFEDERATED TRIBES OF THE UMATILLA INDIAN RESERVATION, 21175.30, 0.00, 0.00, 21175.30
CONSERVATION CAMPAIGN, 30000.00, 79.19, 0.00, 30079.19
CONSTRUCTION MATERIAL RECYCLING ASSN - NW CHAPTER, 0.00, 0.00, 0.00, 0.00
CONSUMER DATA INDUSTRY ASSN, 0.00, 0.00, 0.00, 0.00
CONSUMER FIREWORKS SAFETY ASSN, 12000.00, 0.00, 0.00, 12000.00
CONSUMER HEALTHCARE PRODUCTS ASSN, 48000.00, 749.48, 0.00, 48749.48
CONSUMER SPECIALITY PRODUCTS ASSN, 12000.00, 0.00, 0.00, 12000.00
CONSUMER TECHNOLOGY ASSN (THROUGH MULTISTATE), 26000.00, 0.00, 0.00, 26000.00
CONSUMERS UNION OF U S INC, 0.00, 0.00, 0.00, 0.00
CONSUMERS UNION OF US INC DBA CONSUMER REPORTS, 687.42, 0.00, 0.00, 687.42
CONTINENTAL CASUALTY CO, 42000.00, 6080.17, 0.00, 48080.17
COOPERATIVE AGRICULTURAL PRODUCERS INC, 0.00, 0.00, 0.00, 0.00
COORDINATED CARE, 114000.00, 3800.00, 0.00, 117800.00
CORRECTIONS CORP OF AMERICA, 37992.92, 0.00, 0.00, 37992.92
COSTCO WHOLESALE, 108660.00, 239.84, 0.00, 108899.84
COUNCIL FOR A STRONG AMERICA, 8626.67, 3671.73, 0.00, 12298.40
COUNCIL FOR BIOTECHNOLOGY INFORMATION, 0.00, 0.00, 0.00, 0.00
COUNCIL OF METROPOLITAN POLICE & SHERIFFS, 31500.00, 0.00, 0.00, 31500.00
COUNCIL OF STATE GOVERNMENTS - JUSTICE CENTER, 0.00, 0.00, 0.00, 0.00
COWLITZ PUD, 0.00, 0.00, 0.00, 0.00
COYNE JESERNIG LLC*, 49500.00, 0.00, 0.00, 49500.00
C-TRAN, 0.00, 0.00, 0.00, 0.00
CULTURAL ACCESS WA, 10000.00, 147.10, 0.00, 10147.10
CVS HEALTH, 49999.92, 40950.00, 0.00, 90949.92
D MICHENER & CO INC*, 24000.00, 0.00, 0.00, 24000.00
DA VITA HEALTHCARE PARTNERS, 48000.00, 1924.74, 0.00, 49924.74
DADS DIVORCED BY THEIR WIVES, 0.00, 0.00, 0.00, 0.00
DAIICHI SANKYO INC, 16550.00, 64.40, 0.00, 16614.40
DART CONTAINER CORP (THROUGH MULTISTATE), 30000.00, 16192.45, 0.00, 46192.45
DAYBREAK YOUTH SERVICES, 0.00, 0.00, 0.00, 0.00
DB3, 40000.00, 0.00, 0.00, 40000.00
DEALERS AUTO AUCTION NORTHWEST, 22500.00, 255.00, 0.00, 22755.00
DEERE & CO (THRU MULTISTATES), 42000.00, 0.00, 0.00, 42000.00
DELOITTE CONSULTING LLP / ERMINJA MAGANJA, 45000.00, 1025.32, 0.00, 46025.32
DELTA AIR LINES, 47500.00, 3151.39, 0.00, 50651.69
DENNIS & ASSOC, 0.00, 0.00, 0.00, 0.00
DENTA QUEST, 40000.00, 0.00, 0.00, 40000.00
DIAGEO, 70000.00, 900.00, 0.00, 70900.00
DIRECT MARKETING ASSN, 26666.64, 144.90, 0.00, 26811.54
DIRECTV INC, 20000.00, 0.00, 0.00, 20000.00
DISABILITY RIGHTS WA, 16353.70, 19247.78, 0.00, 35601.48
DISH NETWORK LLC, 24000.00, 0.00, 0.00, 24000.00
DISTILLED SPIRITS COUNCIL OF THE US, 60000.00, 0.00, 0.00, 60000.00
DISTRIBUTED WIND ENERGY ASSN, 3600.00, 0.00, 0.00, 3600.00
DITCH MAINTENANCE SERVICES, 1500.00, 0.00, 0.00, 1500.00
DOTY & ASSOC INC*, 0.00, 0.00, 0.00, 0.00
DOUBLEDAY MICHAEL, 0.00, 0.00, 0.00, 0.00
DUCHARME DAVID, 54000.00, 0.00, 0.00, 5400.00
DUKE SCHAUB ASSOCIATES*, 0.00, 0.00, 0.00, 0.00
DUNCAN & ASSOCIATES*, 0.00, 0.00, 0.00, 0.00
E & A STRATEGIC CONSULTING*, 0.00, 0.00, 0.00, 0.00
EAST KING CO CHAMBER OF COMM LEG COALITION, 0.00, 0.00, 0.00, 0.00
EASTERN WA GATEWAY RAILROAD CO, 0.00, 0.00, 0.00, 0.00
EAST-SIDE & FLAT RATE FOR HIRE CO, 0.00, 0.00, 0.00, 0.00
EBAY INC, 66000.00, 6010.43, 0.00, 72010.43
ECONOMIC OPPORTUNITY INSTITUTE, 9674.61, 3153.47, 0.00, 12828.08
EDUCATION MANAGEMENT CORP, 60000.00, 1984.30, 0.00, 61984.30
EDUCATION REFORM NOW ADVOCACY, 21108.18, 0.00, 0.00, 21108.18
EDUCATIONAL SERVICE DISTRIST 105, 0.00, 0.00, 0.00, 0.00
EISAI INC, 36000.00, 587.75, 0.00, 36587.75
ELECTRONIC SECURITY ASSN OF WA, 0.00, 500.00, 0.00, 500.00
ELEVATOR INDUSTRY WORK PRESERVATION FUND, 0.00, 0.00, 0.00, 0.00
ELI LILLY & COMPANY, 123000.00, 46235.52, 0.00, 169235.52
EMERALD GREEN ALLIANCE, 0.00, 0.00, 0.00, 0.00
EMERALD SVCS INC, 0.00, 0.00, 0.00, 0.00
EMILY MURPHY STRATEGIES LLC*, 0.00, 0.00, 0.00, 0.00
EMPIRE HEALTH FOUNDATION, 8474.50, 510.00, 0.00, 8984.50
ENERGY NORTHWEST, 0.00, 0.00, 0.00, 0.00
ENGAGE STRATEGIES SPC*, 0.00, 0.00, 0.00, 0.00
ENTERPRISE HOLDINGS LLC, 49800.00, 0.00, 0.00, 49800.00
ENTERTAINMENT SOFTWARE ASSN, 52000.00, 17077.00, 0.00, 69077.00
ENWAVE SEATTLE, 8000.00, 0.00, 0.00, 8000.00
EPIC SEATS INC, 5000.00, 0.00, 0.00, 5000.00
EQUAL JUSTICE COALITION, 60474.93, 148.11, 0.00, 60623.04
EQUAL RIGHTS WA, 0.00, 0.00, 0.00, 0.00
EQUIPMENT LEASING & FINANCE ASSN, 2510.25, 5276.62, 0.00, 7786.87
EQUITY IN EDUCATION COALITION, 0.00, 0.00, 0.00, 0.00
ESCROW ASSN OF WA, 21600.00, 0.00, 0.00, 21600.00
EVERETT CLINIC, 72000.00, 0.00, 0.00, 72000.00
EVERGREEN MOUNTAIN BIKE ALLIANCE, 1165.92, 400.21, 0.00, 1566.13
EVERGREEN PUBLIC AFFAIRS LLC*, 0.00, 0.00, 0.00, 0.00
EVERGREEN SCHOOL DIST, 0.00, 0.00, 0.00, 0.00
EVERGREEN TREATMENT SERVICES, 0.00, 7500.00, 0.00, 7500.00
EVICORE HEALTHCARE, 10000.00, 40.46, 0.00, 10040.46
EXELON GENERATION CO LLC, 0.00, 0.00, 0.00, 0.00
EXPEDIA INC, 54000.00, 28932.84, 0.00, 82932.84
EXPLORE INFORMATION SERVICES, 18000.00, 0.00, 0.00, 18000.00
EXPRESS SCRIPTS HOLDING CO, 79578.66, 23228.49, 0.00, 102807.15
F 5, 0.00, 0.00, 0.00, 0.00
FAIRFAX HOSPITAL, 48000.00, 0.00, 0.00, 48000.00
FAIRVOTE THE CENTER FOR VOTING & DEMOCRACY, 0.00, 0.00, 0.00, 0.00
FAITH ACTION NETWORK, 8245.20, 3636.95, 0.00, 11882.15
FAMILY POLICY ACTION, 4000.00, 0.00, 0.00, 4000.00
FAMILY WINERIES OF WA ST, 0.00, 0.00, 0.00, 0.00
FANTASY SPORTS TRADE ASSN, 41629.16, 0.00, 0.00, 41629.16
FAR WEST AGRIBUSINESS ASSN, 44516.80, 13822.62, 0.00, 58339.42
FASHION JEWELRY & ACCESSORIES TRADE ASSN, 14000.00, 0.00, 0.00, 14000.00
FEDERICI NICK, 0.00, 0.00, 0.00, 0.00
FEDEX, 78000.00, 8750.00, 0.00, 86750.00
FENDER LAW GROUP*, 0.00, 0.00, 0.00, 0.00
FERRY CO COMMISSION, 0.00, 0.00, 0.00, 0.00
FIDELITY NATIONAL FINANCIAL INC, 50000.00, 0.00, 0.00, 50000.00
FIRE SPRINKLER ADVISORY BD OF PUGET SOUND, 21000.00, 0.00, 0.00, 21000.00
FISH NW, 30000.00, 414.72, 0.00, 30414.72
FITNESS & NUTRITION PROFESSIONALS OF WA, 0.00, 0.00, 0.00, 0.00
FIX DEMOCRACY FIRST, 523.00, 2371.51, 0.00, 2894.61
FOOD LIFELINE, 43598.99, 611.07, 0.00, 44210.06
FORD MOTOR CO, 12000.00, 0.00, 0.00, 12000.00
FORTERRA, 49266.58, 909.69, 0.00, 50176.27
FORTESCUE JESSICA, 8000.00, 0.00, 0.00, 8000.00
FOSTER DAVID, 0.00, 61683.00, 0.00, 61683.00
FOUNDATION FOR HEALTHY GENERATIONS, 0.00, 62000.00, 0.00, 62000.00
FRANKLIN CO COMMISSION, 0.00, 0.00, 0.00, 0.00
FRANKLIN CO PUBLIC UTILITY DIST, 30000.00, 0.00, 0.00, 30000.00
FRANKLIN PIERCE SCHOOL DISTRICT, 0.00, 0.00, 0.00, 0.00
FRATERNAL ORDER OF POLICE, 27500.00, 367.05, 0.00, 27867.05
FRED HUTCHINSON CANCER RESEARCH CENTER, 0.00, 0.00, 0.00, 0.00
FRED MEYER (OXLEY & ASSOC), 38400.00, 32050.00, 0.00, 70450.00
FREEDOM FOUNDATION, 18735.93, 0.00, 0.00, 18735.93
FRESENIUS MEDICAL CARE NORTH AMERICA, 67000.00, 0.00, 0.00, 67000.00
FRIENDS COMM ON WA ST PUBLIC POLICY, 17356.00, 0.00, 0.00, 17356.00
FRIENDS OF SKYLINE MARINA, 0.00, 0.00, 0.00, 0.00
FRONTIER COMMUNICATIONS, 74019.00, 0.00, 0.00, 74019.00
FUTURE INCOME PAYMENTS, 78000.00, 230.00, 0.00, 78230.00
FUTUREWISE, 19423.46, 0.00, 0.00, 19423.46
GAIL TORAASON MCGAFFICK INC*, 0.00, 0.00, 0.00, 0.00
GALLATIN PUBLIC AFFAIRS*, 13559.91, 0.00, 0.00, 13559.91
GANO & ASSOC*, 0.00, 0.00, 0.00, 0.00
GENENTECH, 56183.00, 25300.00, 0.00, 81483.00
GENERAL MOTORS LLC, 108435.79, 163.88, 0.00, 108599.67
GEODUCK STUDENT UNION OF THE EVERGREEN STATE COLLEGE, 0.00, 0.00, 0.00, 0.00
GILDAS CLUB SEATTLE, 0.00, 0.00, 0.00, 0.00
GILEAD SCIENCES INC, 12000.00, 585.65, 0.00, 12585.65
GJURASIC DAVOR, 0.00, 0.00, 0.00, 0.00
GLAXO SMITHKLINE, 99648.00, 8431.52, 0.00, 108079.52
GOMBOSKY JEFFREY S, 35000.00, 0.00, 0.00, 35000.00
GONZAGA UNIVERSITY, 60000.00, 0.00, 0.00, 60000.00
GOODWILL OF THE OLYMPICS & RAINIER REGION, 0.00, 31019.31, 0.00, 31019.31
GOOGLE INC, 61404.41, 5402.09, 0.00, 66806.50
GORDON THOMAS HONEYWELL GOVENMENTAL AFFAIRS*, 0.00, 0.00, 0.00, 0.00
GORDON THOMAS HONEYWELL LAW*, 0.00, 0.00, 0.00, 0.00
GORDON WALGREN CONSULTING SVCS*, 0.00, 0.00, 0.00, 0.00
GOVERNMENT RELATIONS SERVICES*, 0.00, 0.00, 0.00, 0.00
GOVT BLDG OWNERS & LESSORS ASSN, 64847.04, 3530.37, 0.00, 68377.41
GRADUATE & PROF STUDENT SENATE/U OF W, 26566.00, 975.00, 0.00, 27541.00
GRADUATION ALLIANCE, 24000.00, 0.00, 0.00, 24000.00
GRANDMOTHERS AGAINS GUN VIOLENCE, 0.00, 0.00, 0.00, 0.00
GRANT CO COMMISSION, 0.00, 0.00, 0.00, 0.00
GRANT PUD, 0.00, 0.00, 0.00, 0.00
GRAYS HARBOR COMMUNITY HOSPITAL, 0.00, 0.00, 0.00, 0.00
GREATER SEATTLE CHAMBER OF COMMERCE, 83850.00, 1166.67, 0.00, 85016.67
GREATER SPOKANE INC, 0.00, 52089.02, 0.00, 52089.02
GREATER SPOKANE VALLEY CHAMBER OF COMMERCE, 1500.00, 0.00, 0.00, 1500.00
GREEN DIAMOND RESOURCE CO, 12500.00, 6900.00, 0.00, 19400.00
GROESCH MICHAEL, 9000.00, 0.00, 0.00, 9000.00
GROUP HEALTH COOPERATIVE, 147400.00, 9008.33, 0.00, 156408.33
GROWTH ENERGY, 60000.00, 0.00, 0.00, 60000.00
GUN OWNERS ACTION LEAGUE OF WA, 12000.00, 0.00, 0.00, 12000.00
H2 GOVERNMENT RELATIONS*, 0.00, 0.00, 0.00, 0.00
H2VTECH LLC, 15000.00, 0.00, 0.00, 15000.00
HABITAT FOR HUMANITY OF WA ST, 3000.00, 0.00, 0.00, 3000.00
HAMPTON AFFILIATES, 0.00, 0.00, 1900.00, 1900.00
HARMONY HOUSE, 0.00, 97.65, 0.00, 97.65
HARRIS CORP, 0.00, 0.00, 0.00, 0.00
HAVE A HEART, 0.00, 0.00, 0.00, 0.00
HAVEN ENERGY, 0.00, 0.00, 0.00, 0.00
HEALTHCARE DISTRIBUTION MANAGEMENT ASSN, 0.00, 0.00, 0.00, 0.00
HEALTHPORT (THRU MULTISTATE), 15600.00, 0.00, 0.00, 15600.00
HEPATITIS EDUCATION PROJECT, 9625.00, 0.00, 0.00, 9625.00
HERITAGE CAPITAL ADVOCACY, 0.00, 0.00, 0.00, 0.00
HIGHLINE COMMUNITY COLLEGE, 25000.00, 0.00, 0.00, 25000.00
HIGHLINE PUBLIC SCHOOLS, 0.00, 0.00, 0.00, 0.00
HILLIS CLARK MARTIN & PETERSON PS, 0.00, 0.00, 0.00, 0.00
HMS, 39000.00, 0.00, 0.00, 39000.00
HNTB CORP, 48000.00, 0.00, 7500.00, 55500.00
HOD CARRIERS & GENERAL LABORERS LOCAL 242, 1400.00, 0.00, 0.00, 1400.00
HOME CARE ASSN OF WA, 38400.00, 301.53, 0.00, 38701.53
HOMESIGHT (TONY TO), 1000.00, 0.00, 0.00, 1000.00
HONDA NORTH AMERICA (THRU MULTISTATE), 7000.00, 0.00, 0.00, 7000.00
HOPELINK, 0.00, 30000.00, 0.00, 30000.00
HOUSE TRENT, 0.00, 0.00, 0.00, 0.00
HOUSING DEVELOPMENT CONSORTIUM SEATTLE KING CO, 24000.00, 0.00, 0.00, 24000.00
HPC ADVOCACY*, 0.00, 0.00, 0.00, 0.00
HUDSON GOVT AFFAIRS LLC, 0.00, 0.00, 0.00, 0.00
HUMAN LIFE OF WA, 10000.00, 1160.38, 0.00, 11160.38
HUMANE SOCIETY OF THE UNITED STATES, 17052.93, 1398.17, 0.00, 18451.10
HUNTERS HERITAGE COUNCIL, 10500.00, 0.00, 0.00, 10500.00
IBEW LOCAL 77, 47865.37, 0.00, 0.00, 47865.37
IBM CORPORATION, 34200.00, 0.00, 0.00, 34200.00
IDENTITY CLARK CO, 16992.92, 572.71, 0.00, 17565.63
IGPS LOGISTICS LLC, 20000.00, 0.00, 0.00, 20000.00
IGT GLOBAL SOLUTIONS CORP, 72000.00, 171.35, 1900.00, 74071.35
IMPERIUM RENEWABLES, 0.00, 0.00, 0.00, 0.00
INDEMAND INTERPRETING, 16500.00, 0.00, 0.00, 16500.00
INDEPENDENT BUSINESS ASSN, 0.00, 0.00, 0.00, 0.00
INDEPENDENT COLLEGES OF WASHINGTON, 69923.00, 0.00, 0.00, 69923.00
INDEPENDENT INS AGENTS & BROKERS OF WA, 61000.00, 2579.18, 0.00, 63579.18
INDIVIOR PLC, 0.00, 0.00, 0.00, 0.00
INDUSTRIAL CUSTOMERS OF NW UTILITIES, 85800.00, 2393.01, 0.00, 88193.01
INLAND EMPIRE PAPER, 36000.00, 0.00, 0.00, 36000.00
INLAND NW AGC, 6850.00, 0.00, 0.00, 6850.00
INLAND POWER & LIGHT, 42000.00, 1245.36, 0.00, 43245.36
INLANDBOATMEN'S UNION, 0.00, 0.00, 0.00, 0.00
INSTITUTE FOR COMMUNITY LEADERSHIP, 0.00, 0.00, 0.00, 0.00
INSTITUTE FOR FAMILY DEVELOPMENT, 3507.76, 37.60, 0.00, 3545.36
INSTITUTE OF INTERNAL AUDITORS, 0.00, 0.00, 0.00, 0.00
INSTITUTE OF REAL ESTATE MGMT, 0.00, 0.00, 0.00, 0.00
INSTITUTE OF SCRAP RECYCLING PACIFIC NW CHAPTER, 20000.00, 0.00, 0.00, 20000.00
INTERNET COALITION, 0.00, 0.00, 0.00, 0.00
INTL AESTHETIC & LASER ASSN, 0.00, 0.00, 0.00, 0.00
INTL ASSN OF MACHINISTS & AEROSPACE WORKERS DIST LODGE 751, 134051.79, 0.00, 0.00, 134051.79
INTL BROTHERHOOD OF TEAMSTERS LOCAL 231, 1023.40, 0.00, 0.00, 1023.40
INTL BROTHERHOOD OF TEAMSTERS LOCAL 38, 0.00, 0.00, 0.00, 0.00
INTL BROTHERHOOD OF TEAMSTERS LOCAL 839, 0.00, 0.00, 0.00, 0.00
INTL CODE COUNCIL, 15217.50, 219.61, 0.00, 15437.11
INTL COUNCIL OF SHOPPING CENTERS, 0.00, 0.00, 0.00, 0.00
INTL LONGSHORE & WAREHOUSE UNION PUGET SOUND DIST COUNCIL, 19500.00, 0.00, 0.00, 19500.00
INTL REHAB ASSN MGMT GROUP, 6000.00, 0.00, 0.00, 6000.00
INTL UNION OF OPERATING ENGINEERS LOCAL 612, 0.00, 0.00, 0.00, 0.00
INTOXIMETERS INC, 40800.00, 2022.16, 0.00, 42822.16
INVENERGY, 67000.00, 228.61, 0.00, 67228.61
IOD CORP (THRU MULTISTATE), 44400.00, 0.00, 0.00, 44400.00
IRON WORKERS DIST CNCL OF THE PNW, 24000.00, 366.28, 0.00, 24366.28
IRON WORKERS LOCAL UNION 86, 4244.16, 0.00, 0.00, 4244.16
ISLANDWOOD, 24000.00, 0.00, 0.00, 24000.00
ISSAQUAH SCHOOL DIST, 20000.00, 0.00, 0.00, 20000.00
ITEK ENERGY, 47500.00, 0.00, 0.00, 47500.00
ITG BRANDS LLC & ITS AFFILIATES, 0.00, 0.00, 0.00, 0.00
IUOE LOCAL 302, 79021.33, 19989.00, 0.00, 99010.33
IUOE LOCAL 609, 14470.30, 1814.44, 0.00, 16284.74
IUPAT DIST COUNCIL 5, 1870.90, 0.00, 0.00, 1870.90
IVORY JACKS, 0.00, 0.00, 0.00, 0.00
JACOB LAMONT, 0.00, 0.00, 0.00, 0.00
JAMESTOWN S'KLALLAM TRIBE, 60000.00, 0.00, 0.00, 60000.00
JDM CONSULTING LLC*, 0.00, 0.00, 0.00, 0.00
JEAN M LEONARD*, 0.00, 0.00, 0.00, 0.00
JEFFERSON CO PUBLIC WORKS, 0.00, 0.00, 0.00, 0.00
JENSEN WALGREN & DOTY GOVT CONSULTING*, 0.00, 0.00, 0.00, 0.00
JEWISH FEDERATION OF GREATER SEATTLE, 44781.00, 0.00, 0.00, 44781.00
JJ 206 LLC, 3000.00, 0.00, 0.00, 3000.00
JOHN S CONNIFF PLLC*, 0.00, 0.00, 0.00, 0.00
JOHNSON & JOHNSON, 58760.00, 0.00, 3600.00, 62360.00
JOHNSON & JOHNSON VISION CARE, 0.00, 0.00, 0.00, 0.00
JOHNSON ARLEDGE STRATEGIES*, 0.00, 0.00, 0.00, 0.00
JOHNSON CONTROLS, 22500.00, 0.00, 0.00, 22500.00
JOINT COLLECTIVE, 0.00, 0.00, 0.00, 0.00
JOINT COUNCIL OF TEAMSTERS #28, 169437.84, 14386.31, 63653.50, 247477.65
JPMORGAN CHASE & CO, 7213.12, 0.00, 0.00, 7213.12
JUSTIN JAMES, 20250.00, 0.00, 0.00, 20250.00
K & L GATES*, 0.00, 0.00, 0.00, 0.00
K12 ON BEHALF OF DCI GROUP LLC, 60000.00, 362.24, 0.00, 60362.24
KAISER ALUMINUM, 30868.75, 0.00, 0.00, 30868.75
KAISER FOUNDATION HEALTH PLAN, 21300.00, 0.00, 0.00, 21300.00
KALISPEL TRIBE, 199000.00, 0.00, 0.00, 199000.00
KAPSTONE PAPER & PACKAGING CORP, 60000.00, 0.00, 0.00, 60000.00
KEEP WA ROLLING, 0.00, 0.00, 0.00, 0.00
KEYBANK, 21600.00, 0.00, 0.00, 21600.00
KING CO CORRECTIONS GUILD, 60000.00, 0.00, 0.00, 60000.00
KING CO FLOOD CONTROL DIST, 0.00, 0.00, 0.00, 0.00
KING CO SOLID WASTE DIVISION, 0.00, 0.00, 0.00, 0.00
KINROSS GOLD CORP/ECHO BAY MINERALS/CROWN RESOURCES, 7500.00, 0.00, 0.00, 7500.00
KITSAP CO, 0.00, 0.00, 0.00, 0.00
KITSAP TRANSIT, 0.00, 0.00, 0.00, 0.00
KITTITAS CO BOARD OF COMMISSIONERS, 0.00, 0.00, 0.00, 0.00
KLICKITAT CO COMMISSION, 0.00, 0.00, 0.00, 0.00
KNOWLEDGE UNIVERSE, 0.00, 0.00, 0.00, 0.00
KOCH CO PUBLIC SECTOR LLC & AFFILIATED CO, 60000.00, 0.00, 0.00, 60000.00
KREGER BEEGHLY PLLC*, 0.00, 0.00, 0.00, 0.00
LA PLAZA CENTER LLC, 0.00, 0.00, 0.00, 0.00
LEADINGAGE WA, 83778.16, 0.00, 0.00, 83778.16
LEAGUE OF EDUCATION VOTERS, 24767.22, 13421.29, 0.00, 38188.51
LEAGUE OF WOMEN VOTERS OF WA, 37000.00, 0.00, 0.00, 37000.00
LEARNING.COM, 0.00, 0.00, 0.00, 0.00
LEGACY HEALTH SYSTEM, 60000.00, 0.00, 0.00, 60000.00
LEGAL IVORY RIGHTS COALITION, 0.00, 0.00, 0.00, 0.00
LEGAL VOICE, 24000.00, 0.00, 0.00, 24000.00
LEOFF1 COALITION, 6305.67, 0.00, 0.00, 6305.67
LES SCHWAB TIRE CENTERS OF WA INC, 15000.00, 0.00, 0.00, 15000.00
LEUKEMIA & LYMPHOMA SOCIETY, 1165.00, 492.00, 0.00, 1657.00
LEVEL 3 COMMUNICATIONS LLC, 12000.00, 0.00, 0.00, 12000.00
LEWIS CO PUBLIC UTILITY DIST #1, 0.00, 0.00, 0.00, 0.00
LEXINGTON FLOOD CONTROL ZONE DIST, 0.00, 0.00, 0.00, 0.00
LIABILITY REFORM COALITION, 50000.04, 163.88, 0.00, 50163.92
LIBERTY MUTUAL INSURANCE, 36000.00, 16220.00, 0.00, 52220.00
LIFE CENTER NORTHWEST, 24000.00, 0.00, 0.00, 24000.00
LIFE SCIENCES DISCOVERY FUND, 0.00, 0.00, 0.00, 0.00
LIFELONG AIDS ALLIANCE, 0.00, 0.00, 0.00, 0.00
LIFETOUCH NATIONAL SCHOOL STUDIOS THRU MULTISTATE, 16000.00, 0.00, 0.00, 16000.00
LINCOLN CO COMMISSION, 0.00, 0.00, 0.00, 0.00
LIVE NATION NORTHWEST, 36000.00, 991.96, 0.00, 36991.63
LKQ CORP, 0.00, 0.00, 0.00, 0.00
LMH INC*, 0.00, 0.00, 0.00, 0.00
LORILLARD INC, 20000.00, 0.00, 0.00, 20000.00
LUMMI TRIBE, 0.00, 0.00, 0.00, 0.00
LUXOTTICA RETAIL NORTH AMERICA INC (LENSCRAFTERS), 16320.00, 0.00, 0.00, 16320.00
LYFESYSTEMS INC, 7800.00, 0.00, 0.00, 7800.00
LYFT INC, 84000.00, 2500.00, 0.00, 86500.00
LYNDEN INCORPORATED, 21000.00, 2457.69, 0.00, 23457.69
M & R STRATEGIC SERVICES INC, 36000.00, 0.00, 0.00, 36000.00
M J DURKAN INC*, 13500.00, 0.00, 0.00, 13500.00
MAEL RODNEY, 0.00, 0.00, 0.00, 0.00
MANUFACTURED HOUSING COMMUNITIES OF WA, 46935.20, 2129.51, 0.00, 49064.71
MARATHON FUNDING SERVICES & AFFILIATES, 0.00, 0.00, 0.00, 0.00
MARCH OF DIMES - W WA CHAPTER, 0.00, 0.00, 0.00, 0.00
MARIE SULLIVAN PUBLIC AFFAIRS*, 0.00, 0.00, 0.00, 0.00
MARINE ENGINEERS BENEFICIAL ASSN, 0.00, 0.00, 0.00, 0.00
MARINE VIEW VENTURES, 38400.00, 0.00, 0.00, 38400.00
MARITIME FIRE & SAFETY ASSN, 15000.00, 0.00, 0.00, 15000.00
MARR CHRIS, 68250.00, 1957.84, 0.00, 70207.84
MARTIN FLYNN PUBLIC AFFAIRS INC*, 0.00, 0.00, 0.00, 0.00
MASTER BLDRS ASSN OF KING & SNO COUNTIES, 120000.00, 0.00, 295440.00, 415440.00
MASTERCARD WORLDWIDE, 65000.00, 0.00, 0.00, 65000.00
MASTERS MATES & PILOTS UNION, 18000.00, 0.00, 0.00, 18000.00
MAUL FOSTER & ALONGI INC, 0.00, 0.00, 0.00, 0.00
MCBRIDE PUBLIC AFFAIRS LLC*, 5000.00, 0.00, 0.00, 5000.00
MCCOMB LEN, 0.00, 0.00, 0.00, 0.00
MCDONALD'S, 39166.69, 202.55, 0.00, 39369.24
MCLANE CO INC, 48000.00, 0.00, 0.00, 48000.00
MECHANICAL CONTRACTORS ASSN WESTERN WA, 60000.00, 0.00, 0.00, 60000.00
MEDTRONIC INC, 61200.00, 0.00, 0.00, 61200.00
MELANIE STEWART & ASSOC INC*, 94350.00, 0.00, 0.00, 94350.00
MERCK SHARP & DOHME CORP & AFFILIATES, 67000.00, 5000.00, 0.00, 72000.00
MERLIN ADVOCATES LLC*, 0.00, 0.00, 0.00, 0.00
MERSCORP INC (THRU MULTISTATE), 38500.00, 1342.58, 0.00, 39842.58
METLIFE, 19999.92, 0.00, 0.00, 19999.92
METRO PARKS OF TACOMA, 0.00, 0.00, 0.00, 0.00
METROPOLITAN KING CO COUNCIL, 0.00, 0.00, 0.00, 0.00
MICROSOFT CORP, 126000.00, 126485.27, 0.00, 252485.27
MIDWIVES ASSN OF WA STATE, 13100.00, 0.00, 0.00, 13100.00
MILLENNIA PUBLIC AFFAIRS INC*, 45400.00, 0.00, 0.00, 45400.00
MILLENNIUM BULK TERMINALS, 66000.00, 14387.50, 0.00, 80387.50
MILLER MALONE & TELLEFSON PS*, 12000.00, 0.00, 0.00, 12000.00
MILLER NASH GRAHAM & DUNN LLP*, 0.00, 0.00, 0.00, 0.00
MILLERCOORS, 48000.00, 15000.00, 0.00, 63000.00
MJ FREEWAY, 0.00, 0.00, 0.00, 0.00
MJB CONSULTING*, 0.00, 0.00, 0.00, 0.00
MOCKINGBIRD SOCIETY, 31741.81, 16012.69, 0.00, 47754.50
MODA HEALTH, 12500.00, 0.00, 0.00, 12500.00
MOLINA HEALTHCARE OF WA INC, 144000.00, 4977.65, 0.00, 148977.65
MONEY MANAGEMENT INTL, 15000.00, 0.00, 0.00, 15000.00
MONEYTREE INC, 73617.50, 0.00, 0.00, 73617.50
MONSANTO, 46666.55, 16150.00, 0.00, 62816.55
MOTION PICTURE ASSN OF AMERICA, 0.00, 0.00, 266.18, 266.18
MOTION PICTURE EXHIBITORS OF WA ALASKA & OREGON, 6000.00, 0.00, 0.00, 6000.00
MOTOR VEHICLE ANCILLARY PRODUCTS ASSN, 5000.00, 0.00, 0.00, 5000.00
MOTOR VEHICLE SOFTWARE CORP, 60000.00, 0.00, 0.00, 60000.00
MOTOROLA SOLUTIONS, 24778.00, 0.00, 117500.00, 142278.00
MT SPOKANE 2000, 36000.00, 0.00, 0.00, 36000.00
MUCKLESHOOT INDIAN TRIBE, 245240.50, 0.00, 225150.00, 470390.50
MULTICARE HEALTH SYSTEM, 12000.00, 60000.00, 0.00, 72000.00
MULTI-SERVICE CENTER LONG TERM CARE OMBUDSMAN PROGRAM, 7062.36, 203.40, 0.00, 7265.76
MUNICIPAL RESEARCH & SERVICES CENTER, 0.00, 0.00, 0.00, 0.00
MUTUAL OF ENUMCLAW INSURANCE CO, 4000.00, 0.00, 0.00, 4000.00
MYLAN INC, 48000.00, 424.55, 0.00, 48424.55
N CAPITOL CAMPUS HERITAGE PK DEV ASSN, 0.00, 0.00, 0.00, 0.00
NAMI WA, 8000.00, 0.00, 0.00, 8000.00
NANCY LEMAY, 0.00, 0.00, 0.00, 0.00
NASH CASCADIA VERDE LLC, 0.00, 0.00, 0.00, 0.00
NATIONAL ELEVATOR INDUSTRY INC, 42000.00, 259.60, 0.00, 42259.60
NATIONAL FREEDOM ALLIANCE, 0.00, 0.00, 0.00, 0.00
NATIONAL GUARD ASSOC OF WA, 0.00, 0.00, 0.00, 0.00
NATIONWIDE INSURANCE, 36000.00, 0.00, 0.00, 36000.00
NATL ABORTION RIGHTS ACTION LEAGUE, 25000.00, 0.00, 0.00, 25000.00
NATL ASSN OF CHAIN DRUG STORES, 9816.00, 10099.48, 0.00, 19915.48
NATL ASSN OF CREDIT MGMT, 16895.00, 0.00, 0.00, 16895.00
NATL ASSN OF INDUSTRIAL & OFFICE PROPERTIES, 69999.96, 3563.04, 0.00, 73563.00
NATL ASSN OF INSURANCE & FINANCIAL ADVISORS, 33000.00, 156.58, 0.00, 33156.58
NATL ASSN OF SOCIAL WORKERS WA ST CHAPTER, 16200.00, 0.00, 0.00, 16200.00
NATL ASSN OF VISION CARE PLANS, 0.00, 0.00, 0.00, 0.00
NATL ELECTRICAL CONTRACTORS ASSN, 54099.00, 0.00, 0.00, 54099.00
NATL ELECTRICAL MANUFACTURERS ASSN (THRU MULTISTATE), 56000.00, 0.00, 0.00, 56000.00
NATL FEDERATION OF INDEPENDENT BUSINESS, 101862.00, 4919.09, 0.00, 106781.09
NATL HOME SERVICE CONTRACT ASSN (THRU CHARTRAND LEGAL MGMT), 32500.00, 0.00, 0.00, 32500.00
NATL MULTIPLE SCLEROSIS SOCIETY GREATER NW CHAPTER, 2085.16, 1309.73, 0.00, 3394.89
NATL RIFLE ASSN OF AMERICA, 22677.46, 10344.54, 0.00, 33022.00
NATL UTILITY CONTRACTORS ASSN WA CHAPTER, 0.00, 0.00, 0.00, 0.00
NATL WATER COMPANY, 3000.00, 0.00, 0.00, 3000.00
NATURAL RESOURCES DEFENSE CNCL, 0.00, 0.00, 0.00, 0.00
NAVIGATION GROUP LLP*, 0.00, 0.00, 0.00, 0.00
NAVOS, 0.00, 0.00, 0.00, 0.00
NCP FINANCE, 24000.00, 0.00, 0.00, 24000.00
NEIGHBORCARE HEALTH, 12000.00, 0.00, 0.00, 12000.00
NEIGHBORHOOD HOUSE, 2031.30, 238.88, 0.00, 2270.18
NET-0 CONSULTING, 36000.00, 0.00, 0.00, 36000.00
NEW LEAF ENTERPRISES, 0.00, 0.00, 0.00, 0.00
NEW SUNCADIA LLC, 39000.00, 1525.31, 0.00, 40525.31
NEWLAND COMMUNITIES, 0.00, 0.00, 0.00, 0.00
NEXT STEP ARCHERY, 14750.00, 600.00, 0.00, 15350.00
NEXUS GROUP*, 0.00, 0.00, 0.00, 0.00
NICHOLS BROS BOAT BUILDERS, 0.00, 0.00, 0.00, 0.00
NICHTER LLC, 0.00, 0.00, 0.00, 0.00
NINTENDO OF AMERICA, 78000.00, 4561.35, 0.00, 82561.35
NISQUALLY INDIAN TRIBE, 0.00, 0.00, 0.00, 0.00
NISSAN OF NORTH AMERICA, 22800.00, 0.00, 0.00, 22800.00
NJOY ELECTRONIC CIGARETTES, 36000.00, 0.00, 0.00, 36000.00
NOANET, 126000.00, 0.00, 0.00, 126000.00
NON-PROFIT INSURANCE PROGRAM, 30000.00, 0.00, 0.00, 30000.00
NOOKSACK INDIAN TRIBE, 42000.00, 0.00, 0.00, 42000.00
NORDIC HERITAGE MUSEUM, 0.00, 0.00, 0.00, 0.00
NORMANDY HOLDINGS LLC, 27000.00, 557.21, 0.00, 27557.21
NORTHSHORE EDUCATION ASSN, 0.00, 0.00, 0.00, 0.00
NORTHSTAR CONTRACTING GROUP LP, 24000.00, 5680.25, 0.00, 29680.25
NORTHWEST AGRICULTURE BUSINESS CENTER, 5000.00, 0.00, 0.00, 5000.00
NORTHWEST ALLIANCE FOR PSYCHOANALYTIC STUDY, 2150.00, 0.00, 0.00, 2150.00
NORTHWEST AUTOMATIC VENDING ASSN, 18000.00, 0.00, 0.00, 18000.00
NORTHWEST CAREER COLLEGE FEDERATION, 32500.00, 0.00, 0.00, 32500.00
NORTHWEST CREDIT UNION ASSN, 88916.00, 1072.37, 0.00, 89988.37
NORTHWEST ENERGY COALITION, 0.00, 0.00, 0.00, 0.00
NORTHWEST FARM CREDIT SERVICES, 60000.00, 0.00, 0.00, 60000.00
NORTHWEST HARVEST, 10549.93, 6263.79, 0.00, 16813.72
NORTHWEST INDUSTRIAL GAS USERS, 48000.00, 0.00, 0.00, 48000.00
NORTHWEST KIDNEY CENTERS, 24000.00, 0.00, 0.00, 24000.00
NORTHWEST MARINE TRADE ASSN, 41580.00, 833.89, 0.00, 42413.89
NORTHWEST MOTORCYCLE ASSN, 3000.00, 0.00, 0.00, 3000.00
NORTHWEST MUSEUM OF ARTS & CULTURE FOUNDATION, 42000.00, 290.06, 0.00, 42290.06
NORTHWEST NATURAL GAS, 33000.00, 0.00, 0.00, 33000.00
NORTHWEST POLICY GROUP*, 0.00, 0.00, 0.00, 0.00
NORTHWEST PRODUCERS & PROCESSORS ASSN, 18000.00, 0.00, 0.00, 18000.00
NORTHWEST PULP & PAPER ASSN, 64390.98, 0.00, 0.00, 64390.98
NORTHWEST RACING ASSOC LP, 0.00, 0.00, 0.00, 0.00
NORTHWEST STRATEGIES INC*, 42000.00, 0.00, 0.00, 42000.00
NORTHWEST SUSTAINABLE ENERGY FOR ECONOMIC DEVELOPMENT, 0.00, 0.00, 0.00, 0.00
NORTHWEST WA FAIR, 0.00, 0.00, 0.00, 0.00
NORTHWEST YACHT BROKERS ASSN, 13400.87, 0.00, 0.00, 13400.87
NORTHWESTERN PSYCHOANALYTIC SOCIETY & INSTITUTE, 800.00, 0.00, 0.00, 800.00
NOVARTIS PHARMACEUTICALS, 68099.96, 32793.28, 0.00, 100893.24
NOVO NORDISK INC, 51000.00, 1121.53, 0.00, 52121.53
NUCOR STEEL SEATTLE INC, 48000.00, 298.11, 0.00, 48298.11
NURSE FAMILY PARTNERSHIP, 27800.00, 0.00, 0.00, 27800.00
NW DAIRY ASSN & DARIGOLD INC, 72000.00, 0.00, 0.00, 72000.00
NW ENERGY EFFICIENCY CNCL, 48000.00, 2031.00, 0.00, 50031.00
NW ENVIRONMENTAL BUSINESS COUNCIL, 14800.00, 0.00, 0.00, 14800.00
NW FOOD PROCESSORS ASSN, 60000.00, 0.00, 0.00, 60000.00
NW GROCERY ASSN, 48000.00, 0.00, 0.00, 48000.00
NW HEALTH LAW ADVOCATES, 11455.85, 0.00, 0.00, 11455.85
NW RELIGIOUS LIBERTY ASSN, 0.00, 0.00, 0.00, 0.00
NW SPORTFISHING INDUSTRY ASSN, 30000.00, 0.00, 0.00, 30000.00
OAKPOINTE LAND COVINGTON LLC, 0.00, 0.00, 0.00, 0.00
OFFICE OF THE SECRETARY OF STATE, 0.00, 0.00, 0.00, 0.00
OKANOGAN CO COMMISSION, 0.00, 0.00, 0.00, 0.00
OKANOGAN CO PUD, 0.00, 0.00, 0.00, 0.00
OLYMPIA ALTERNATIVE MEDICINE, 0.00, 0.00, 0.00, 0.00
OLYMPIA CAPITOL PARK FOUNDATION, 0.00, 0.00, 0.00, 0.00
OLYMPIA CONSULTING LLC*, 0.00, 0.00, 0.00, 0.00
OLYMPIA TEA PARTY, 0.00, 0.00, 0.00, 0.00
OLYMPIA YACHT CLUB, 0.00, 0.00, 0.00, 0.00
OLYMPIC MEDICAL CENTER, 0.00, 0.00, 0.00, 0.00
ONE AMERICA, 8524.60, 545.00, 0.00, 9069.60
ONE AMERICA VOTES, 1106.09, 250.00, 0.00, 1365.09
ONE ENERGY RENEWABLES, 5000.00, 0.00, 0.00, 5000.00
OPEIU LOCAL 8, 6551.58, 150.00, 0.00, 6701.58
OPTICIANS ASSN OF WA, 8000.00, 0.00, 0.00, 8000.00
OPTOMETRIC PHYSICIANS OF WA, 69300.00, 2119.09, 0.00, 71419.09
ORACLE AMERICA INC, 17500.00, 0.00, 0.00, 17500.00
OTHER NINE MONTHS, 0.00, 0.00, 0.00, 0.00
OTSUKA PHARMACEUTICAL DEVELOPMENT & COMMERCIALIZATION, 48781.30, 0.00, 0.00, 48781.30
OUTCOMES BY LEVY LLC*, 0.00, 0.00, 0.00, 0.00
OVERLAKE HOSPITAL MEDICAL CENTER, 38000.00, 0.00, 0.00, 38000.00
OVERTON & ASSOC, 0.00, 0.00, 0.00, 0.00
OYSTER BAY PUBLIC AFFAIRS*, 0.00, 0.00, 0.00, 0.00
PACIFIC COAST SHELLFISH GROWERS ASSN, 33900.00, 745.13, 0.00, 34645.13
PACIFIC DENTAL SERVICES, 72000.00, 15026.66, 0.00, 87026.66
PACIFIC MEDICAL CENTERS, 0.00, 0.00, 0.00, 0.00
PACIFIC MERCHANT SHIPPING ASSN, 54000.00, 639.80, 0.00, 54639.80
PACIFIC NORTHWEST BALLET, 0.00, 0.00, 0.00, 0.00
PACIFIC NORTHWEST HARDWARE & IMPLEMENT ASSN, 18000.00, 0.00, 0.00, 18000.00
PACIFIC NORTHWEST REGIONAL COUNCIL OF CARPENTERS, 42000.00, 230.00, 90903.00, 133133.00
PACIFIC NORTHWEST UNIVERSITY OF HEALTH SCIENCES, 54000.00, 1073.74, 0.00, 55073.74
PACIFIC NW REGIONAL STRATEGIES LLC*, 0.00, 0.00, 0.00, 0.00
PACIFIC PRINTING INDUSTRIES ASSN, 18000.00, 634.84, 0.00, 18634.84
PACIFIC PROPANE GAS ASSN, 24000.00, 84.48, 0.00, 24084.48
PACIFIC SCIENCE CENTER, 37800.00, 0.00, 525.00, 38325.00
PACIFIC SEAFOOD, 41950.00, 3250.00, 0.00, 45200.00
PACIFIC TECHNOLOGY ALLIANCE, 19800.00, 0.00, 0.00, 19800.00
PACIFICLEAN ENVIRONMENTAL OF WA LLC, 6550.50, 0.00, 0.00, 6550.50
PACIFICORP, 78000.00, 200.85, 0.00, 78200.85
PACKAGING CORP OF AMERICA, 36000.00, 1311.73, 0.00, 37311.73
PALMER COKING COAL CO, 1500.00, 0.00, 0.00, 1500.00
PAM CRONE LEGISLATIVE CONSULTING SVCS*, 41200.00, 0.00, 0.00, 41200.00
PARADIGM MANAGEMENT SERVICES, 31200.00, 97.14, 0.00, 31297.14
PARATRANSIT SERVICES, 0.00, 24193.00, 0.00, 24193.00
PARENT TRUST FOR WA CHILDREN, 5000.00, 0.00, 0.00, 5000.00
PARKER THOMAS, 0.00, 0.00, 0.00, 0.00
PARTNERS IN CAREERS, 21000.00, 0.00, 0.00, 21000.00
PARTNERSHIP FOR LEARNING, 0.00, 0.00, 0.00, 0.00
PASCO SCHOOL DIST, 0.00, 0.00, 0.00, 0.00
PATRICK DUNN & ASSOCIATES LTD*, 9000.00, 0.00, 0.00, 9000.00
PAWN 1, 0.00, 0.00, 0.00, 0.00
PAYQWICK, 0.00, 0.00, 0.00, 0.00
PEACE HEALTH SW MEDICAL CENTER, 120000.00, 0.00, 0.00, 120000.00
PEDIATRIX MEDICAL GROUP, 45000.00, 509.11, 0.00, 45509.11
PEMCO FINANCIAL SERVICES, 76500.00, 111823.42, 0.00, 188323.42
PEND OREILLE CO COMMISSION, 0.00, 0.00, 0.00, 0.00
PENINSULA LIGHT CO, 24454.20, 33.96, 0.00, 24488.16
PERSONAL CARE PRODUCTS COUNCIL, 36000.00, 0.00, 0.00, 36000.00
PFIZER INC, 48000.00, 28500.00, 0.00, 76500.00
PHARMACEUTICAL CARE MANAGEMENT ASSN, 39000.00, 45.06, 0.00, 39045.06
PHARMACEUTICAL RSRCH/MFG OF AMERICA, 181835.71, 71691.55, 0.00, 253527.26
PHIL WATKINS PUBLIC AFFAIRS INC*, 0.00, 0.00, 0.00, 0.00
PHILIPS ELECTRONICS NORTH AMERICA, 36000.00, 3000.00, 0.00, 39000.00
PHILLIPS 66, 48000.00, 0.00, 12350.00, 60350.00
PHYSICAL THERAPY ASSN OF WA, 59330.76, 2117.30, 0.00, 61448.06
PHYSICIANS INSURANCE EXCHANGE, 60000.00, 11023.56, 0.00, 71023.56
PIERCE CO ALLIANCE, 48000.00, 0.00, 0.00, 48000.00
PIERCE CO GOVT RELATIONS, 0.00, 0.00, 0.00, 0.00
PIERCE CO HUMAN SERVICES COALITION, 5200.00, 0.00, 0.00, 5200.00
PIERCE CO REGIONAL COUNCIL, 0.00, 0.00, 0.00, 0.00
PIERCE CO SECURITY INC, 21000.00, 80.00, 0.00, 21080.00
PIERCE CONSERVATION DIST, 0.00, 0.00, 0.00, 0.00
PIERCE CONSULTING SVCS LLC*, 49200.00, 37.97, 0.00, 49200.00
PIERCE TRANSIT, 0.00, 0.00, 0.00, 0.00
PIONEER HUMAN SERVICES, 0.00, 0.00, 0.00, 0.00
PLANNED PARENTHOOD VOTES NW, 45399.92, 50634.58, 0.00, 96034.50
PLAUCHE & CARR LLP*, 0.00, 0.00, 0.00, 0.00
PLUM CREEK TIMBER CO, 25000.00, 0.00, 0.00, 25000.00
POINT RUSTON LLC, 33000.00, 0.00, 0.00, 33000.00
POLICY SOLUTIONS*, 0.00, 0.00, 0.00, 0.00
POPE RESOURCES/OLYMPIC PROP GROUP/OLYMPIC RESOURCE MGMT INC, 23800.00, 5950.00, 600.00, 30350.00
PORT BLAKELY TREE FARMS, 39739.77, 26339.77, 1750.00, 67829.54
PORT GAMBLE S'KLALLAM TRIBE, 0.00, 0.00, 0.00, 0.00
PORT MADISON ENTERPRISES AN AGENCY OF THE SUQUAMISH TRIBE, 0.00, 0.00, 0.00, 0.00
PORT OF BELLINGHAM, 0.00, 0.00, 0.00, 0.00
PORT OF BREMERTON, 0.00, 0.00, 0.00, 0.00
PORT OF CENTRALIA, 40500.00, 50.45, 0.00, 40550.45
PORT OF CHELAN CO, 0.00, 0.00, 0.00, 0.00
PORT OF EVERETT, 0.00, 0.00, 0.00, 0.00
PORT OF KALAMA, 0.00, 0.00, 0.00, 0.00
PORT OF MOSES LAKE, 0.00, 0.00, 0.00, 0.00
PORT OF QUINCY, 24000.00, 0.00, 0.00, 24000.00
PORT OF ROYAL SLOPE, 0.00, 0.00, 0.00, 0.00
PORT OF SEATTLE, 0.00, 0.00, 0.00, 0.00
PORT OF TACOMA, 0.00, 0.00, 0.00, 0.00
PORT OF VANCOUVER, 0.00, 0.00, 0.00, 0.00
PORT OF WALLA WALLA, 0.00, 0.00, 0.00, 0.00
PORTLAND GENERAL ELECTRIC, 24000.00, 0.00, 0.00, 24000.00
PORTLAND VANCOUVER JUNCTION RAILROAD, 12000.00, 0.00, 0.00, 12000.00
POST PRISON EDUCATION PROGRAM, 0.00, 0.00, 0.00, 0.00
POTTS JAMES W, 0.00, 0.00, 0.00, 0.00
PREMERA BLUE CROSS, 138991.57, 185318.64, 0.00, 324310.21
PRE-PAID LEGAL SERVICES INC, 0.00, 0.00, 0.00, 0.00
PREPARED RESPONSE, 30000.00, 0.00, 0.00, 30000.00
PRIMERICA FINANCIAL SERVICES INC, 28750.00, 0.00, 0.00, 28750.00
PRINCIPLED SOLUTIONS*, 0.00, 0.00, 0.00, 0.00
PROCTER & GAMBLE CO, 39000.00, 0.00, 0.00, 39000.00
PROF & TECH EMPLOYEES LOCAL 17, 101700.00, 0.00, 0.00, 101700.00
PROFESSIONAL DRIVERS SAFETY ASSN OF WA, 0.00, 0.00, 0.00, 0.00
PROFESSIONAL INSURANCE AGENTS ASSN, 0.00, 0.00, 0.00, 0.00
PROGRESO: LATINO PROGRESS ALLIANCE, 3000.00, 0.00, 0.00, 3000.00
PROGRESSIVE CORP, 69999.96, 0.00, 0.00, 69999.96
PROLIANCE SURGEONS, 0.00, 0.00, 0.00, 0.00
PROMONTORY INTERFINANCIAL NETWORK LLC, 0.00, 5000.00, 0.00, 5000.00
PROPERTY CASUALTY INSURERS ASSN OF AMERICA, 81999.96, 161.30, 0.00, 82161.26
PROSPERITY COUNSELING & TREATMENT SERVICES INC, 24000.00, 0.00, 0.00, 24000.00
PROTECT, 5655.00, 1804.00, 0.00, 7459.00
PROTECT OUR GUN RIGHTS, 0.00, 0.00, 0.00, 0.00
PROVIDENCE HEALTH & SERVICES- WA, 132733.00, 4602.87, 0.00, 137335.87
PUBLIC AFFAIRS OF WA LLC*, 0.00, 0.00, 0.00, 0.00
PUBLIC CITIZEN, 0.00, 0.00, 0.00, 0.00
PUBLIC HEALTH ROUNDTABLE, 18000.00, 0.00, 0.00, 18000.00
PUBLIC SCHOOL EMPLOYEES OF WA, 150566.26, 7754.56, 0.00, 158320.82
PUD #1 OF COWLITZ CO, 0.00, 0.00, 0.00, 0.00
PUGET SOUND ADVOCATES FOR RETIREMENT ACTION, 0.00, 0.00, 0.00, 0.00
PUGET SOUND CLEAN AIR AGENCY, 0.00, 0.00, 0.00, 0.00
PUGET SOUND ENERGY INC, 334429.16, 290437.71, 0.00, 624866.87
PUGET SOUND KEEPER ALLIANCE, 18750.00, 0.00, 0.00, 18750.00
PUGET SOUND METAL TRADES COUNCIL, 0.00, 0.00, 0.00, 0.00
PUGET SOUND PILOTS, 100967.00, 11327.28, 0.00, 112294.28
PUGET SOUND SCHOOL COALITION/KING CO SCHOOL COALITION (THRU K AND L GATES), 81209.50, 118.41, 0.00, 81327.91
PURDUE PHARMA, 0.00, 0.00, 0.00, 0.00
PURSE SEINE VESSEL OWNERS ASSN, 7000.00, 0.00, 0.00, 7000.00
PUYALLUP TRIBE OF INDIANS, 228000.00, 0.00, 0.00, 228000.00
QLIANCE MEDICAL MANAGEMENT INC, 22500.00, 859.00, 0.00, 23359.00
QUEST DIAGNOSTICS C/O MULTISTATE ASSOC INC, 10000.00, 0.00, 0.00, 10000.00
QUINAULT INDIAN NATION, 7500.00, 0.00, 0.00, 7500.00
QUINCY VALLEY MEDICAL CENTER, 6000.00, 0.00, 0.00, 6000.00
RAINIER UNISERV COUNCIL, 1367.57, 3690.19, 0.00, 5057.76
RAYONIER INC, 36000.00, 7668.72, 0.00, 43668.72
RCO LEGAL, 0.00, 0.00, 0.00, 0.00
REACH OUT & READ INC, 1344.81, 0.00, 0.00, 1344.81
RECREATIONAL BOATING ASSN OF WA, 19500.00, 1954.79, 0.00, 21454.79
RECREATIONAL EQUIPMENT INC, 0.00, 0.00, 0.00, 0.00
RECREATIONAL GAMING ASSN, 19200.00, 0.00, 0.00, 19200.00
REDFLEX TRAFFIC SYSTEMS, 0.00, 0.00, 0.00, 0.00
REGENCE BLUE SHIELD, 143000.00, 26231.16, 0.00, 169231.16
REGIONAL FISHERIES ENHANCEMENT GROUP COALITION, 1080.25, 1473.93, 0.00, 2554.18
REGIONAL WATER COOPERATIVE OF PIERCE CO, 37000.00, 0.00, 0.00, 37000.00
REICH & TANG DEPOSIT NETWORKS LLC, 4800.00, 209.78, 0.00, 5009.78
REIMBURSEMENT SERVICES LLC, 0.00, 0.00, 0.00, 0.00
RELX INC, 60000.00, 0.00, 0.00, 60000.00
RENEWABLE NW PROJECT, 39396.68, 0.00, 0.00, 39396.68
RENTAL HOUSING ASSN OF PUGET SOUND, 0.00, 0.00, 0.00, 0.00
REPUBLIC SERVICES, 44400.00, 379.49, 0.00, 44779.49
RESCARE (THRU MULTISTATE ASSOC INC), 0.00, 0.00, 0.00, 0.00
RESOLUTION WA, 5400.00, 0.00, 0.00, 5400.00
RESPIRATORY CARE SOCIETY OF WA, 0.00, 0.00, 0.00, 0.00
RETIRED FIREFIGHTERS OF WA, 0.00, 0.00, 0.00, 0.00
RETIRED PUBLIC EMPLOYEES COUNCIL OF WA, 24998.97, 0.00, 0.00, 24998.97
REYNOLDS AMERICAN, 89000.04, 8078.87, 29500.00, 126578.91
RICHARD YOST, 0.00, 0.00, 0.00, 0.00
RICHLAND SCHOOL DIST, 0.00, 0.00, 0.00, 0.00
RISK FINANCE & INVESTMENT CORP, 23375.00, 0.00, 0.00, 23375.00
RITE AID CORPORATION, 54000.00, 0.00, 0.00, 54000.00
ROB MAKIN CONSULTING*, 70920.00, 0.00, 0.00, 70920.00
ROCKTENN, 27000.00, 0.00, 0.00, 27000.00
ROTARY CLUB OF BELLEVUE, 0.00, 0.00, 0.00, 0.00
ROWLAND JAMES G, 62335.59, 0.00, 0.00, 62335.59
ROWLEY PROPERTIES INC, 39000.00, 64.00, 0.00, 39064.00
RURAL HEALTH CLINIC ASSN, 16037.50, 0.00, 0.00, 16037.50
RUSSELL INVESTMENT GROUP, 96000.00, 11564.65, 0.00, 107564.65
RYTHER, 32000.00, 0.00, 0.00, 32000.00
SABEY CORPORATION, 36000.00, 127133.29, 0.00, 163133.29
SAFE BABIES SAFE MOMS, 0.00, 0.00, 0.00, 0.00
SAL GOVT SERVICES, 0.00, 0.00, 0.00, 0.00
SALTCHUK RESOURCES INC, 0.00, 0.00, 0.00, 0.00
SAMISH INDIAN NATION, 73750.00, 0.00, 0.00, 73750.00
SAMMAMISH UNISERV COUNCIL, 429.60, 12499.99, 0.00, 12929.59
SAMPSONDUNLAP LLC*, 0.00, 0.00, 0.00, 0.00
SANITARY SERVICES CO INC, 15000.00, 13449.20, 0.00, 28449.20
SANOFI US, 22700.00, 8412.86, 0.00, 31112.86
SAPIRO NANCY L, 750.00, 0.00, 0.00, 750.00
SAS INSTITUTE INC, 16000.00, 0.00, 0.00, 16000.00
SAUK-SUIATTLE INDIAN TRIBE, 0.00, 0.00, 0.00, 0.00
SAVE THE CHILDREN ACTION NETWORK, 2234.00, 466.93, 0.00, 2700.93
SCHINDLER ELEVATOR CORP, 30000.00, 367.70, 0.00, 30367.70
SCHNITZER STEEL INDUSTRIES INC, 45648.00, 593.44, 0.00, 46241.44
SCHOOL NURSES ORGANIZATION OF WA, 4800.00, 0.00, 0.00, 4800.00
SCHOOLS ALLIANCE (THRU K AND L GATES), 35355.00, 0.00, 0.00, 35355.00
SCHOOLS INSURANCE ASSN OF WA, 15500.04, 0.00, 0.00, 15500.04
SCHOOLS OUT WA, 1908.72, 1822.20, 0.00, 3730.92
SCI MANAGEMENT, 48000.00, 0.00, 0.00, 48000.00
SCIENTIFIC GAMES INTL, 36000.00, 0.00, 0.00, 36000.00
SEA MAR COMMUNITY HEALTH CENTERS, 0.00, 0.00, 0.00, 0.00
SEACAST, 38400.00, 0.00, 0.00, 38400.00
SEADRUNAR, 6400.00, 0.00, 0.00, 6400.00
SEATTLE AQUARIUM SOCIETY, 0.00, 0.00, 0.00, 0.00
SEATTLE CANCER CARE ALLIANCE, 0.00, 24000.00, 0.00, 24000.00
SEATTLE CENTER FOUNDATION, 0.00, 0.00, 0.00, 0.00
SEATTLE CHILDRENS HOSPITAL, 36516.00, 1325.00, 0.00, 37841.00
SEATTLE COUNCIL PTSA, 0.00, 0.00, 0.00, 0.00
SEATTLE EDUCATION ASSN, 482.50, 119775.00, 0.00, 120257.50
SEATTLE KING CO CONVENTION & VISITORS BUREAU, 30000.00, 0.00, 0.00, 30000.00
SEATTLE OPERA, 0.00, 0.00, 0.00, 0.00
SEATTLE PSYCHOANALYTIC SOCIETY & INSTITUTE, 2500.00, 0.00, 0.00, 2500.00
SEATTLE PUBLIC SCHOOLS, 0.00, 0.00, 0.00, 0.00
SEATTLE SYMPHONY, 0.00, 0.00, 0.00, 0.00
SEATTLE THEATRE GROUP, 27500.00, 0.00, 0.00, 27500.00
SECURITIES INDUSTRY AND FINANCIAL MARKETS ASSN, 28790.00, 0.00, 0.00, 28790.00
SEH AMERICA, 11000.00, 0.00, 0.00, 11000.00
SEIB POLICY & PUBLIC AFFAIRS*, 0.00, 0.00, 0.00, 0.00
SEIU 775, 178607.74, 339578.11, 0.00, 518185.85
SEIU HEALTHCARE 1199 NW, 149589.78, 9765.50, 0.00, 159355.28
SELLSTROM GLOBAL SHIPPING INC, 0.00, 0.00, 0.00, 0.00
SERVICE CONTRACT INDUSTRY CNCL, 5000.00, 0.00, 0.00, 5000.00
SERVICE EMPLOYEES INTL UNION - STATE COUNCIL, 0.00, 377667.33, 0.00, 377667.33
SERVICE EMPLOYEES INTL UNION DIST 925, 47369.52, 216008.97, 0.00, 263378.49
SERVICE EMPLOYEES INTL UNION LOCAL 6, 562.88, 14452.60, 0.00, 15015.48
SEWER FUNDING COALITION, 0.00, 0.00, 0.00, 0.00
SHAFFER SANTIAGO, 0.00, 0.00, 0.00, 0.00
SHAMSELDIN CORP, 75000.00, 0.00, 0.00, 75000.00
SHAW MICHAEL, 33000.00, 0.00, 0.00, 33000.00
SHEET METAL & AIR CONDITION CONTRACTORS WEST WA, 54816.00, 22.50, 0.00, 54838.50
SHEET METAL WORKERS LOCAL 66, 98400.00, 2375.00, 0.00, 100775.00
SHELL OIL CO, 60000.00, 595.00, 0.00, 60595.00
SHERWOOD COMMUNITY SERVICES, 567.94, 306.33, 0.00, 874.27
SHIRE, 48750.00, 1150.00, 0.00, 49900.00
SICPA PRODUCT SECURITY LLC, 60000.00, 0.00, 0.00, 60000.00
SIERRA CLUB, 0.00, 0.00, 0.00, 0.00
SIERRA PACIFIC INDUSTRIES, 0.00, 0.00, 0.00, 0.00
SIGHTLINE INSTITUTE, 0.00, 0.00, 0.00, 0.00
SIMPSON INVESTMENT CO, 17500.00, 0.00, 0.00, 17500.00
SKI WA, 4125.00, 119.46, 0.00, 4244.46
SMALL & MIDSIZE TRANSIT ALLIANCE, 48000.00, 0.00, 0.00, 48000.00
SMITH GARY L, 0.00, 0.00, 0.00, 0.00
SNOHOMISH CO, 0.00, 0.00, 0.00, 0.00
SNOHOMISH CO FARM BUREAU, 0.00, 0.00, 0.00, 0.00
SNOHOMISH CO FIRE DIST 1, 0.00, 0.00, 0.00, 0.00
SNOHOMISH CO PTBA CORP, 0.00, 0.00, 0.00, 0.00
SNOHOMISH CO PUBLIC UTILITY DIST #1, 0.00, 0.00, 0.00, 0.00
SNOHOMISH EDUCATION ASSN, 507.08, 226.00, 0.00, 733.08
SNO-KING WATER DIST COALITION, 0.00, 0.00, 0.00, 0.00
SOCIETY OF PROFESSIONAL ENGINEERING EMPLOYEES IN AEROSPACE SPEEA, 103032.00, 29707.00, 0.00, 132739.00
SOLAR INSTALLERS OF WA, 36000.00, 266.24, 0.00, 36266.24
SOLARCITY, 8330.20, 2775.34, 0.00, 11105.54
SOLID GROUND, 10725.00, 0.00, 0.00, 10725.00
SONG TECHNOLOGIES LLC, 0.00, 0.00, 0.00, 0.00
SOUND ACTION, 0.00, 0.00, 0.00, 0.00
SOUND VIEW STRATEGIES LLC*, 15000.00, 0.00, 0.00, 15000.00
SOUTH SOUND CHAMBERS OF COMMERCE LEG COMM, 20004.00, 0.00, 0.00, 20004.00
SOUTHERN WINE & SPIRITS, 72000.00, 0.00, 0.00, 72000.00
SPECTRUM HEALTH SYSTEMS, 70000.00, 0.00, 0.00, 70000.00
SPOKANE COUNTY, 0.00, 0.00, 0.00, 0.00
SPOKANE INTL AIRPORT, 73333.30, 163.02, 0.00, 73496.33
SPOKANE PUBLIC FACILITIES DIST, 0.00, 0.00, 0.00, 0.00
SPOKANE PUBLIC SCHOOLS, 0.00, 0.00, 0.00, 0.00
SPOKANE TRANSIT AUTHORITY, 0.00, 0.00, 0.00, 0.00
SPOKANE TRIBE OF INDIANS, 0.00, 0.00, 0.00, 0.00
SPRINT NEXTEL, 36000.00, 1167.38, 0.00, 37167.38
SQUAXIN ISLAND TRIBE, 0.00, 0.00, 0.00, 0.00
SR 167, 0.00, 0.00, 0.00, 0.00
SR PRODUCTIONS, 10500.00, 0.00, 0.00, 10500.00
SSA MARINE, 0.00, 0.00, 0.00, 0.00
STAND FOR CHILDREN INC, 69018.49, 1510.48, 0.00, 70528.97
STARBUCKS, 42000.00, 4875.16, 0.00, 46875.16
STATE FARM INSURANCE COMPANIES, 96400.00, 903.16, 0.00, 97303.16
STATEWIDE POVERTY ACTION NETWORK, 52061.82, 498.10, 0.00, 52559.92
STAUFFACHER COMMUNICATIONS*, 0.00, 0.00, 0.00, 0.00
STE MICHELLE WINE ESTATES LTD, 54000.00, 209.27, 0.00, 54209.27
STERICYCLE INC, 51858.37, 339.88, 0.00, 52198.25
STERLING LABORATORIES, 0.00, 0.00, 0.00, 0.00
STEVENS CO COMMISSION, 0.00, 0.00, 0.00, 0.00
STILLAGUAMISH TRIBE OF INDIANS, 24016.50, 73250.00, 0.00, 97266.50
STRATEGIES 360*, 74805.78, 0.00, 0.00, 74805.78
SUNNYSIDE COMMUNITY HOSPITAL & CLINICS, 20000.00, 0.00, 0.00, 20000.00
SUNRISE SERVICES INC, 18307.00, 2789.63, 0.00, 21096.63
SUNRUN INC, 910.68, 2176.30, 0.00, 3086.98
SUPERINTENDENT OF PUBLIC INSTRUCTION, 0.00, 0.00, 0.00, 0.00
SUPERIOR COURT JUDGES ASSN, 82400.04, 0.00, 0.00, 82400.04
SURPLUS LINE ASSN OF WA, 6600.00, 0.00, 0.00, 66000.00
SWINOMISH INDIAN TRIBAL COMMUNITY, 0.00, 0.00, 0.00, 0.00
SYNAPTIC IO, 0.00, 0.00, 0.00, 0.00
SYNGENTA, 24000.00, 0.00, 0.00, 24000.00
T K BENTLER/PUBLIC AFFAIRS ASSOC*, 0.00, 0.00, 0.00, 0.00
TACOMA PUBLIC SCHOOLS, 0.00, 0.00, 0.00, 0.00
TACOMA PUBLIC UTILITIES, 0.00, 0.00, 0.00, 0.00
TACOMA-PIERCE CO CHAMBER OF COMMERCE, 5000.00, 0.00, 0.00, 5000.00
TACOMA-PIERCE CO HEALTH DEPT, 0.00, 0.00, 0.00, 0.00
TAKEDA PHARMACEUTICALS, 63000.00, 22097.71, 0.00, 85097.71
TALGO INC, 6500.00, 0.00, 0.00, 6500.00
TASER INTL (THRU NATL STRATEGIES), 54000.00, 196.50, 0.00, 54196.50
TAYLOR SHELLFISH CO INC, 0.00, 0.00, 0.00, 0.00
TEACHERS INSURANCE & ANNUITY ASSN, 24000.00, 168.72, 0.00, 24168.72
TEACHERS UNITED, 455.87, 587.64, 0.00, 1043.51
TEAMCHILD, 23257.93, 743.28, 0.00, 24001.21
TEAMSTERS LOCAL UNION #117, 104592.24, 67529.70, 0.00, 172121.94
TECHNOLOGY NETWORK, 33617.53, 2031.93, 0.00, 35649.46
TECK AMERICAN/TECK WA, 30000.00, 271.71, 0.00, 30271.71
TENANTS UNION OF WA, 0.00, 0.00, 0.00, 0.00
TESLA, 41562.00, 330.44, 0.00, 41892.44
TESORO CORP, 54000.00, 0.00, 0.00, 54000.00
THE COLLEGE BOARD, 85085.00, 1736.48, 0.00, 86821.48
THE NATURE CONSERVANCY, 49800.00, 0.00, 0.00, 49800.00
THE TSB GROUP*, 0.00, 0.00, 0.00, 0.00
THE WASHINGTON TREASURER'S OFFICE, 78000.00, 0.00, 0.00, 78000.00
THERMO FISHER, 14000.00, 0.00, 0.00, 14000.00
THOMPSON CONSULTING GROUP*, 0.00, 0.00, 0.00, 0.00
THOMSON REUTERS, 16836.10, 133.94, 0.00, 16970.04
THRIVE BY FIVE, 15587.47, 0.00, 0.00, 15587.47
TICKET NETWORK, 4999.33, 0.00, 0.00, 4999.33
T-MOBILE USA INC, 72000.00, 22650.00, 0.00, 94650.00
TOTAL WINE & MORE, 0.00, 0.00, 0.00, 0.00
TOWER LTD*, 0.00, 0.00, 0.00, 0.00
TOWING AND RECOVERY ASSN OF WA, 0.00, 0.00, 0.00, 0.00
TOY INDUSTRY ASSN, 48000.00, 0.00, 0.00, 48000.00
TRANSCANADA GTN, 52000.00, 0.00, 0.00, 52000.00
TRANSPORTATION CHOICES COALITION, 10689.88, 141.97, 0.00, 10831.85
TREEHOUSE, 5910.13, 6746.06, 0.00, 12656.19
TRI-CITY REGIONAL CHAMBER OF COMMERCE, 0.00, 0.00, 0.00, 0.00
TRIOS HEALTH, 0.00, 0.00, 0.00, 0.00
TRIPLE C COLLECTIVE, 18000.00, 0.00, 0.00, 18000.00
TROUT UNLIMITED WA WATER PROJECT, 0.00, 0.00, 0.00, 0.00
TRUE BLUE INC, 18000.00, 17073.63, 10250.00, 45323.63
TW TELECOM OF WA LLC, 0.00, 0.00, 0.00, 0.00
TWO JINN INC, 50000.00, 0.00, 0.00, 50000.00
UBER TECHNOLOGIES INC, 150000.00, 77.52, 0.00, 150077.52
UCB INC, 48000.00, 192.70, 0.00, 48192.70
UNIFIED GROCERS, 36000.00, 67245.99, 0.00, 103245.99
UNION OF CONCERNED SCIENTISTS, 5175.00, 758.48, 0.00, 5933.48
UNION PACIFIC RAILROAD CO, 49992.00, 0.00, 0.00, 49992.00
UNITE HERE LOCAL 1, 420.00, 438.20, 0.00, 858.20
UNITE TO FIGHT CANCER, 0.00, 0.00, 0.00, 0.00
UNITED FOOD & COMM WRKRS # 21, 53248.30, 29000.00, 49793.94, 132042.24
UNITED HEALTH GROUP, 0.00, 0.00, 0.00, 0.00
UNITED HEALTHCARE SERVICES INC, 90266.46, 17507.30, 0.00, 107773.76
UNITED SCHOOLS INSURANCE PROGRAM, 7500.00, 0.00, 0.00, 7500.00
UNITED TECHNOLOGIES CORP, 30000.00, 163.95, 0.00, 30163.95
UNITED TRANSPORTATION UNION, 52000.00, 0.00, 0.00, 52000.00
UNITED TRUSTEES ASSN, 20000.00, 0.00, 0.00, 20000.00
UNITED WAY OF KING CO, 0.00, 0.00, 0.00, 0.00
UNITED WAY OF SNOHOMISH CO, 9199.35, 374.03, 0.00, 9573.38
UNITED WAYS OF THE PACIFIC NORTHWEST, 8787.13, 0.00, 0.00, 8787.13
UNIVERSITY OF WASHINGTON, 0.00, 0.00, 0.00, 0.00
UPS, 0.00, 0.00, 0.00, 0.00
URS CORP, 0.00, 0.00, 0.00, 0.00
US BANCORP, 207.52, 286.15, 0.00, 493.67
US CELLULAR, 0.00, 0.00, 0.00, 0.00
US ECOLOGY WA INC, 50000.00, 0.00, 0.00, 50000.00
US HEALTHWORKS, 2500.00, 0.00, 0.00, 2500.00
USAA, 45430.64, 30150.00, 0.00, 75580.64
UTILITY SERVICE GROUP, 0.00, 0.00, 0.00, 0.00
VAAGEN BROTHERS LUMBER INC, 24000.00, 614.88, 304.00, 24918.88
VALLEY MEDICAL CENTER, 0.00, 0.00, 0.00, 0.00
VALLEY SCHOOL DISTRICT, 0.00, 0.00, 0.00, 0.00
VANCOUVER EDUCATION ASSN, 0.00, 1674.20, 0.00, 1674.20
VANCOUVER NATIONAL HISTORIC TRUST, 18000.00, 0.00, 0.00, 18000.00
VERITEC SOLUTIONS LLC, 24000.00, 0.00, 0.00, 24000.00
VERIZON NORTHWEST, 0.00, 0.00, 0.00, 0.00
VERTEX PHARMACEUTICALS INC, 32000.00, 0.00, 0.00, 32000.00
VIGOR INDUSTRIAL, 0.00, 0.00, 0.00, 0.00
VIPERS CLUB, 0.00, 0.00, 0.00, 0.00
VIRGINIA MASON MEDICAL CENTER, 88150.00, 76.00, 0.00, 88226.00
VULCAN INC, 63000.00, 2254252.98, 0.00, 2317252.98
WA & NORTHERN IDAHO DIST COUNCIL LABORERS UNION, 18638.95, 230.00, 0.00, 18838.95
WA & OR PHYSICIANS FOR SOCIAL RESPONSIBILITY JOINT TASK FORCE NUCLEAR POWER, 275.42, 296.03, 0.00, 571.45
WA ACADEMY OF EYE PHYSICIANS & SURGEONS, 71970.00, 3053.00, 0.00, 75023.00
WA ACADEMY OF FAMILY PHYSICIANS, 90000.00, 3873.72, 0.00, 93873.72
WA ACADEMY OF PHYSICIAN ASSISTANTS, 3000.00, 0.00, 0.00, 3000.00
WA AGGREGATES & CONCRETE ASSN, 54528.00, 3510.98, 0.00, 58038.50
WA AIRPORT MANAGEMENT ASSN, 8750.00, 0.00, 0.00, 8750.00
WA ALLIANCE FOR GUN RESPONSIBILITY, 93800.00, 0.00, 6650.00, 100450.00
WA ALLIANCE FOR HEALTHCARE INSURANCE TRUST, 12500.00, 0.00, 0.00, 12500.00
WA ALLIANCE OF BOYS & GIRLS CLUB, 48000.00, 0.00, 0.00, 48000.00
WA AMBULANCE ASSN, 5625.00, 1178.00, 0.00, 6803.00
WA AMBULATORY SURGERY CENTER ASSN, 29999.97, 144.00, 0.00, 30143.97
WA APARTMENT ASSN, 28342.14, 6791.03, 0.00, 35133.17
WA ASPARAGUS COMMISSION, 0.00, 0.00, 0.00, 0.00
WA ASPHALT PAVEMENT ASSN, 0.00, 0.00, 0.00, 0.00
WA ASSN COMMUNITY & MIGRANT HEALTH CTRS, 0.00, 69613.90, 0.00, 69613.90
WA ASSN FOR BEHAVIOR ANALYSIS, 0.00, 0.00, 0.00, 0.00
WA ASSN FOR CAREER & TECHNICAL EDUCATION, 0.00, 0.00, 0.00, 0.00
WA ASSN FOR CHILDREN & FAMILIES, 3504.00, 0.00, 0.00, 3504.00
WA ASSN FOR INFANT MENTAL HEALTH, 9500.00, 0.00, 0.00, 9500.00
WA ASSN FOR MARRIAGE & FAMILY THERAPY, 0.00, 0.00, 0.00, 0.00
WA ASSN FOR PUPIL TRANSPORTATION, 0.00, 0.00, 0.00, 0.00
WA ASSN FOR SUBSTANCE ABUSE & VIOLENCE PREVENTION, 10000.00, 0.00, 0.00, 10000.00
WA ASSN OF AREA AGENCIES ON AGING, 0.00, 0.00, 0.00, 0.00
WA ASSN OF BUILDING OFFICIALS, 30000.00, 0.00, 0.00, 30000.00
WA ASSN OF COLLEGES FOR TEACHER EDUCATION, 5400.00, 0.00, 0.00, 5400.00
WA ASSN OF CONSERVATION DISTRICTS, 26074.00, 770.16, 0.00, 26844.16
WA ASSN OF COUNTY OFFICIALS, 62736.80, 0.00, 0.00, 62736.80
WA ASSN OF CRIMINAL DEFENSE LAWYERS, 18000.00, 601.47, 0.00, 18601.47
WA ASSN OF DRUG COURTS, 0.00, 0.00, 0.00, 0.00
WA ASSN OF FISH & WILDLIFE PROFESSIONALS, 16000.00, 0.00, 0.00, 16000.00
WA ASSN OF HEALTH UNDERWRITERS, 42000.00, 156.61, 0.00, 42156.61
WA ASSN OF HOME CARE AGENCIES, 0.00, 0.00, 0.00, 0.00
WA ASSN OF JUVENILE COURT ADMINISTRATORS, 39699.21, 308.64, 0.00, 40007.85
WA ASSN OF NATUROPATHIC PHYSICIANS, 22000.00, 3320.72, 0.00, 25320.72
WA ASSN OF NEIGHBORHOOD STORES, 51000.00, 1438.52, 0.00, 52438.52
WA ASSN OF NURSE ANESTHETISTS, 15000.00, 1330.39, 0.00, 16330.39
WA ASSN OF PROFESSIONAL GUARDIANS, 10700.00, 517.53, 0.00, 11217.53
WA ASSN OF PROSECUTING ATTORNEYS, 19480.39, 0.00, 0.00, 19480.39
WA ASSN OF REALTORS, 221700.00, 9365.32, 0.00, 231065.32
WA ASSN OF ROUTE OPERATORS, 30000.00, 0.00, 0.00, 30000.00
WA ASSN OF SCHOOL ADMINISTRATORS, 214215.96, 4006.74, 0.00, 218222.70
WA ASSN OF SEWER & WATER DISTRICTS, 72000.00, 303.60, 0.00, 72303.60
WA ASSN OF SHERIFFS & POLICE CHIEFS, 32398.80, 0.00, 0.00, 32398.80
WA ASSN OF VEHICLE SUBAGENTS, 47515.80, 0.00, 0.00, 47515.80
WA ASSN OF WHEAT GROWERS, 32000.00, 1941.35, 0.00, 33941.35
WA ASSN OF WINE GRAPE GROWERS, 21600.00, 0.00, 0.00, 21600.00
WA AUTISM ALLIANCE & ADVOCACY, 0.00, 0.00, 0.00, 0.00
WA BANKERS ASSN, 183000.00, 14272.67, 0.00, 197272.67
WA BEER & WINE DISTRIBUTORS ASSN, 120000.00, 668.27, 58400.00, 179068.27
WA BEVERAGE ASSN, 120000.00, 1641.42, 0.00, 121641.42
WA BIOTECHNOLOGY & BIOMEDICAL ASSN, 88500.00, 0.00, 0.00, 88500.00
WA BREWERS GUILD, 16800.00, 0.00, 0.00, 16800.00
WA BUSINESS ALLIANCE FUND, 17500.00, 238.35, 0.00, 21230.00
WA CAMPUS COMPACT, 10120.00, 767.03, 0.00, 10887.03
WA CANNABUSINESS ASSN, 0.00, 0.00, 0.00, 0.00
WA CATTLE FEEDERS ASSN, 0.00, 0.00, 0.00, 0.00
WA CATTLEMEN'S ASSN, 19950.00, 0.00, 0.00, 19950.00
WA CEMETERY;CREMATION & FUNERAL ASSN, 16800.00, 720.00, 0.00, 17520.00
WA CHRISTMAS TREE GROWERS, 9000.00, 0.00, 0.00, 9000.00
WA CITIES INSURANCE AUTHORITY, 24000.00, 0.00, 0.00, 24000.00
WA COALITION FOR GIFTED EDUCATION, 11900.00, 0.00, 0.00, 11900.00
WA COALITION OF SEXUAL ASSUALT PROGRAMS, 28250.04, 0.00, 0.00, 28250.04
WA COLLECTORS ASSN, 42736.47, 7228.66, 0.00, 49965.13
WA COMMUNITY ACTION NETWORK, 23617.76, 0.00, 0.00, 23619.76
WA COMMUNITY MENTAL HEALTH COUNCIL, 0.00, 0.00, 0.00, 0.00
WA CONSERVATION VOTERS, 55700.04, 0.00, 0.00, 55700.04
WA CONSTRUCTION INDUSTRY COUNCIL, 0.00, 0.00, 0.00, 0.00
WA CONTRACT LOGGERS ASSN INC, 0.00, 0.00, 0.00, 0.00
WA DEFENDER ASSN, 21890.57, 613.12, 0.00, 22503.69
WA DEFENSE TRIAL LAWYERS, 31999.92, 76.50, 0.00, 32076.42
WA DENTAL SERVICE, 134700.00, 8647.36, 243200.00, 386547.36
WA DENTURIST ASSN, 19200.00, 0.00, 0.00, 19200.00
WA DISTILLERS GUILD, 0.00, 0.00, 0.00, 0.00
WA EAST ASIAN MEDICINE ASSN, 36000.00, 128.38, 0.00, 36128.38
WA ECONOMIC DEVELOPMENT ASSN, 36000.00, 1547.00, 0.00, 37547.00
WA EDUCATION ASSN, 0.00, 0.00, 451674.04, 451674.04
WA EDUCATION ASSN - CHINOOK, 55.37, 4146.79, 0.00, 4202.16
WA EDUCATION ASSN - EASTERN WA, 0.00, 217.10, 0.00, 217.10
WA EDUCATION ASSN - FOURTH CORNER, 13028.75, 26320.80, 0.00, 39349.55
WA EDUCATION ASSN - LOWER COLUMBIA, 0.00, 289.38, 0.00, 289.38
WA EDUCATION ASSN - MIDSTATE, 332.25, 0.00, 0.00, 332.25
WA EDUCATION ASSN - RIVERSIDE, 0.00, 22228.33, 0.00, 22228.33
WA EDUCATION ASSN - SOUTHEAST, 1709.97, 1790.00, 0.00, 3499.97
WA ELDERCARE ALLIANCE, 0.00, 0.00, 0.00, 0.00
WA ELECTRIC VEHICLE ADVOCACY PAC, 0.00, 0.00, 0.00, 0.00
WA EMPLOYMENT LAWYERS ASSN, 8600.00, 0.00, 0.00, 8600.00
WA ENGAGE, 0.00, 0.00, 0.00, 0.00
WA ENVIRONMENTAL COUNCIL, 52939.00, 0.00, 0.00, 52939.00
WA FARM FORESTRY ASSN, 0.00, 0.00, 0.00, 0.00
WA FEDERATION OF INDEPENDENT SCHOOLS, 0.00, 0.00, 0.00, 0.00
WA FEDERATION OF STATE EMPLOYEES, 294593.04, 173132.79, 0.00, 467725.83
WA FILM WORKS, 66000.00, 0.00, 0.00, 66000.00
WA FIRE COMMISSIONERS ASSN, 73665.52, 0.00, 0.00, 73665.52
WA FISH GROWERS ASSN, 45600.00, 460.00, 0.00, 46060.00
WA FOOD COALITION, 0.00, 0.00, 0.00, 0.00
WA FOOD INDUSTRY, 100060.00, 1382.87, 0.00, 101442.87
WA FOREST PROTECTION ASSN, 71650.00, 4039.56, 0.00, 75689.56
WA FRIENDS OF FARMS & FORESTS, 7854.48, 0.00, 0.00, 7854.48
WA GROWERS LEAGUE, 23748.00, 0.00, 0.00, 23748.00
WA HARVESTERS ASSN, 8500.00, 0.00, 0.00, 8500.00
WA HEALTH ALLIANCE, 16100.00, 0.00, 0.00, 16100.00
WA HEALTH CARE ASSN, 256737.00, 10376.00, 0.00, 267113.00
WA HEARING SOCIETY, 17500.00, 374.70, 0.00, 17874.70
WA HOME CARE ASSN, 18000.00, 0.00, 0.00, 18000.00
WA HVACCA, 25776.00, 0.00, 0.00, 25776.00
WA INDEPENDENT MEDICAL EXAM COALITION, 30000.00, 0.00, 0.00, 30000.00
WA INDEPENDENT TELEPHONE ASSN, 79890.00, 155.00, 0.00, 80045.00
WA INDEPENDENT TOWERS, 0.00, 297.77, 0.00, 297.77
WA INDIAN GAMING ASSN, 603.00, 219112.43, 0.00, 219715.43
WA INFORMATION NETWORK 211, 32500.00, 0.00, 0.00, 32500.00
WA INSURERS, 88580.00, 0.00, 0.00, 88580.00
WA INTERACTIVE LLC, 57000.00, 1068.73, 0.00, 58068.73
WA INTERSCHOLASTIC ACTIVITIES ASSN, 32400.00, 599.10, 0.00, 32999.10
WA LAND TITLE ASSN, 0.00, 0.00, 0.00, 0.00
WA LANDLORD ASSN, 475.00, 0.00, 0.00, 475.00
WA LIBRARY ASSN, 0.00, 0.00, 0.00, 0.00
WA LIBRARY MEDIA ASSN, 36900.00, 0.00, 0.00, 36900.00
WA LIQUOR STORE ASSN, 0.00, 0.00, 0.00, 0.00
WA LODGING ASSN, 0.00, 0.00, 0.00, 0.00
WA LOW-INCOME HOUSING ALLIANCE, 56888.96, 21210.54, 0.00, 78099.50
WA MEDIA SVCS INC*, 0.00, 0.00, 0.00, 0.00
WA MENTAL HEALTH COUNSELORS ASSN, 0.00, 0.00, 0.00, 0.00
WA MORTGAGE BANKERS ASSN, 28500.00, 57.00, 0.00, 28557.00
WA MORTGAGE LENDERS ASSN, 0.00, 0.00, 0.00, 0.00
WA MULTI-FAMILY HOUSING ASSN, 36000.00, 656.43, 0.00, 36656.43
WA MUSIC EDUCATORS ASSN, 0.00, 0.00, 0.00, 0.00
WA NONPROFITS, 0.00, 0.00, 0.00, 0.00
WA OCCUPATIONAL THERAPY ASSN, 0.00, 0.00, 0.00, 0.00
WA OFF HIGHWAY VEHICLE ALLIANCE, 3000.00, 0.00, 0.00, 3000.00
WA OIL MARKETERS ASSN, 0.00, 0.00, 0.00, 0.00
WA ONSITE SEWAGE ASSN, 10900.00, 0.00, 0.00, 10900.00
WA ORTHOTIC & PROSTHETIC ASSN, 7596.00, 0.00, 0.00, 7596.00
WA OSTEOPATHIC MEDICAL ASSN, 24000.00, 0.00, 0.00, 24000.00
WA PAWNBROKERS ASSN, 20400.00, 0.00, 0.00, 20400.00
WA PHYSICIANS HEALTH PROGRAM, 0.00, 0.00, 0.00, 0.00
WA POISON CENTER, 9000.00, 0.00, 0.00, 9000.00
WA PUBLIC AFFAIRS NETWORK DBA TVW, 2066.19, 2850.00, 0.00, 4916.19
WA PUBLIC EMPLOYEES ASSN, 1862.98, 61.65, 0.00, 1924.63
WA PUBLIC INTEREST RESEARCH GROUP, 0.00, 0.00, 0.00, 0.00
WA PUBLIC PORTS ASSN, 118264.28, 931.90, 0.00, 119196.18
WA PUBLIC UTILITIES DISTS ASSN, 195490.00, 14142.00, 0.00, 209632.00
WA RECREATION & PARKS ASSN, 29200.00, 1940.28, 0.00, 31140.28
WA REFLEXOLOGY ASSN, 2000.00, 0.00, 0.00, 2000.00
WA REFUSE & RECYCLING ASSN, 0.00, 0.00, 0.00, 0.00
WA RESTAURANT ASSN, 303738.02, 28427.40, 0.00, 332165.42
WA RETAIL ASSN, 167501.00, 5073.41, 0.00, 172574.41
WA ROUNDTABLE, 102570.00, 5582.44, 0.00, 108152.44
WA RURAL CO INSURANCE PROGRAM, 3000.00, 0.00, 0.00, 3000.00
WA RURAL ELECTRIC CO-OP ASSN, 79100.00, 2075.66, 0.00, 81175.66
WA SCHOOL COUNSELORS ASSN, 11000.00, 0.00, 0.00, 11000.00
WA SCHOOL INFORMATION PROCESSING COOP, 18000.00, 0.00, 0.00, 18000.00
WA SCHOOL PRINCIPALS EDUCATION FOUNDATION, 160.37, 0.00, 0.00, 160.37
WA SELF INSURERS ASSN, 69600.00, 1403.74, 0.00, 71003.74
WA SOCIETY OF CPA'S, 108080.00, 1279.81, 0.00, 109359.81
WA SPEECH & HEARING ASSN, 18000.00, 142.25, 0.00, 18142.25
WA ST ACADEMY OF NUTRITION & DIETETICS, 18000.00, 0.00, 0.00, 18000.00
WA ST ARTS ALLIANCE, 0.00, 0.00, 0.00, 0.00
WA ST ASSN FOR JUSTICE, 415656.00, 43549.00, 0.00, 459205.00
WA ST ASSN OF BROADCASTERS, 69600.00, 0.00, 0.00, 69600.00
WA ST ASSN OF CHILDRENS  ADVOCACY CENTERS, 1500.00, 0.00, 0.00, 1500.00
WA ST ASSN OF COUNTIES, 39223.71, 1052.26, 0.00, 40275.97
WA ST ASSN OF FIRE CHIEFS, 59883.96, 8503.95, 0.00, 68387.91
WA ST ASSN OF HEADSTART ECEAP, 7000.00, 444.77, 0.00, 7444.77
WA ST ASSN OF HOME CARE SERVICES, 9000.00, 0.00, 0.00, 9000.00
WA ST ASSN OF PLUMBERS & PIPEFITTERS, 51858.00, 3500.00, 0.00, 55358.00
WA ST AUTO DEALERS ASSN INC, 101500.02, 1620.38, 0.00, 103120.40
WA ST BAIL AGENTS ASSN, 24000.00, 980.57, 0.00, 24980.57
WA ST BAR ASSN, 79366.58, 0.00, 0.00, 79366.58
WA ST BEEKEEPERS ASSN, 0.00, 0.00, 0.00, 0.00
WA ST BUDGET & POLICY CENTER, 6985.93, 3178.56, 0.00, 10164.49
WA ST BUILDING & CONSTRUCTION TRADES COUNCIL, 98662.00, 670.00, 0.00, 99332.00
WA ST CATHOLIC CONFERENCE, 84240.00, 1800.00, 0.00, 86040.00
WA ST CHAPTER OF ASSOC PUBLIC SAFETY COMMUNICATIONS OFFICIALS, 19200.00, 80.50, 0.00, 19280.50
WA ST CHAPTER OF THE SIERRA CLUB, 22900.00, 0.00, 0.00, 22900.00
WA ST CHILD CARE RESOURCE/REFERRAL NETWORK, 22763.30, 2793.23, 0.00, 25556.53
WA ST CHIROPRACTIC ASSN, 71500.00, 47400.00, 0.00, 118900.00
WA ST COALITION  AGAINST DOMESTIC VIOLENCE, 46305.23, 3969.63, 0.00, 50274.86
WA ST COALITION MENTAL HLTH PROF & CONSUMERS, 0.00, 0.00, 0.00, 0.00
WA ST COMMUNITY ACTION PARTNERSHIP, 32004.00, 0.00, 0.00, 32004.00
WA ST CONFERENCE OF MASON CONTRACTORS, 0.00, 0.00, 0.00, 0.00
WA ST COUNCIL OF FARMER COOPERATIVES, 42000.00, 0.00, 0.00, 42000.00
WA ST COUNCIL OF FIRE FIGHTERS, 100403.60, 40503.00, 74000.00, 214906.60
WA ST COUNCIL OF POLICE & SHERIFFS, 51994.00, 13772.00, 0.00, 65766.00
WA ST DAIRY FEDERATION, 72000.00, 1492.60, 0.00, 73492.60
WA ST DENTAL ASSN, 254000.00, 4399.90, 0.00, 258399.90
WA ST DENTAL HYGIENISTS ASSN, 28800.00, 2212.62, 0.00, 31012.62
WA ST DESTINATION MARKETING ORGANIZATIONS ASSN, 19200.00, 0.00, 0.00, 19200.00
WA ST DIST & MUNICIPAL COURT JUDGES ASSN, 56500.00, 0.00, 0.00, 56500.00
WA ST EMERGENCY MANAGERS ASSN, 12000.00, 603.32, 0.00, 12603.32
WA ST FAIRS ASSN, 15500.04, 0.00, 0.00, 15500.04
WA ST FARM BUREAU, 148000.00, 4080.98, 0.00, 152080.98
WA ST FED OF ANIMAL CARE/CONTROL AGENCIES, 3000.00, 0.00, 0.00, 3000.00
WA ST FINANCIAL SERVICES ASSN, 48000.00, 100.00, 0.00, 48100.00
WA ST FIRE FIGHTERS ASSN, 0.00, 0.00, 0.00, 0.00
WA ST FOOD TRUCK ASSN, 0.00, 0.00, 0.00, 0.00
WA ST FUNERAL DIRECTORS ASSN, 0.00, 0.00, 0.00, 0.00
WA ST GRANGE, 15000.00, 0.00, 0.00, 15000.00
WA ST GROUND WATER ASSN, 25600.00, 0.00, 0.00, 25600.00
WA ST HOSPICE & PALLIATIVE CARE ORG, 0.00, 0.00, 0.00, 0.00
WA ST HOSPITAL ASSN, 273946.00, 18215.00, 0.00, 292161.00
WA ST INDEPENDENT AUTO DEALERS ASSN, 24000.00, 1429.70, 0.00, 25429.70
WA ST LABOR COUNCIL;AFL-CIO, 137959.60, 25681.63, 0.00, 163641.23
WA ST MAJOR LEAGUE BASEBALL STADIUM PUBLIC FACILITIES DISTRICT (PFD), 0.00, 0.00, 0.00, 0.00
WA ST MARTIAL ARTS ASSN, 0.00, 0.00, 0.00, 0.00
WA ST MEDICAL ASSN, 233852.00, 20365.00, 0.00, 254217.00
WA ST MOTORSPORT DEALERS ASSN, 18000.00, 0.00, 0.00, 18000.00
WA ST NOW, 3500.00, 0.00, 0.00, 3500.00
WA ST NURSERY & LANDSCAPE ASSN, 12504.00, 0.00, 0.00, 12504.00
WA ST NURSES ASSN, 85430.55, 4289.09, 0.00, 89719.64
WA ST PATROL LIEUTENANTS ASSN, 21000.00, 0.00, 0.00, 21000.00
WA ST PATROL TROOPERS ASSN, 63670.35, 0.00, 0.00, 63670.35
WA ST PHARMACY ASSN, 73000.00, 0.00, 0.00, 73000.00
WA ST PODIATRIC MEDICAL ASSN, 61000.00, 152.95, 0.00, 61152.95
WA ST POTATO COMMISSION, 126000.00, 1530.15, 0.00, 127530.15
WA ST PROCESS SERVERS ASSN, 0.00, 0.00, 0.00, 0.00
WA ST PSYCHIATRIC ASSN, 4000.00, 0.00, 0.00, 4000.00
WA ST PSYCHOLOGICAL ASSN, 0.00, 0.00, 0.00, 0.00
WA ST PTA, 49500.00, 920.00, 0.00, 50420.00
WA ST RADIOLOGICAL SOCIETY, 42000.00, 291.00, 0.00, 42291.00
WA ST SCHOOL RETIREES ASSN, 81346.50, 1499.50, 0.00, 82846.00
WA ST SELF STORAGE ASSN, 29462.14, 4296.48, 0.00, 33758.62
WA ST SNOWMOBILE ASSN, 17247.12, 2251.18, 0.00, 19498.30
WA ST SOC OF ORAL/MAXILLOFACIAL SURGERY, 16000.00, 0.00, 0.00, 16000.00
WA ST SOCIETY FOR CLINICAL SOCIAL WORK, 14129.48, 211.57, 0.00, 14341.05
WA ST SOCIETY OF ANESTHESIOLOGISTS, 15000.00, 0.00, 0.00, 15000.00
WA ST SOCIETY OF OCULARISTS, 5000.00, 338.95, 0.00, 5338.95
WA ST TRANSIT ASSN, 71000.00, 0.00, 0.00, 71000.00
WA ST TREE FRUIT ASSN, 132000.00, 0.00, 59500.00, 191500.00
WA ST UNITARIAN UNIVERSALIST VOICES FOR JUSTICE, 15000.00, 0.00, 0.00, 15000.00
WA ST UNIVERSITY, 0.00, 0.00, 0.00, 0.00
WA ST VETERINARY MEDICAL ASSN, 56499.96, 2668.78, 0.00, 59168.74
WA ST WATER RESOURCES ASSN, 51850.00, 0.00, 0.00, 51850.00
WA STATE ATHLETIC TRAINERS ASSN, 0.00, 0.00, 0.00, 0.00
WA STATE CONVENTION CENTER PUBLIC FACILITIES DIST, 0.00, 0.00, 0.00, 0.00
WA STATE COUNCIL OF COOUNTY & CITY EMPLOYEES, 22163.45, 0.00, 0.00, 22163.45
WA STEM CENTER, 25376.95, 486.73, 0.00, 25863.68
WA TECHNOLOGY INDUSTRY ASSN, 36800.00, 12163.23, 0.00, 48963.23
WA TOURISM ALLIANCE, 63000.00, 699.08, 0.00, 63699.08
WA TOXICS COALITION, 42240.00, 5030.77, 0.00, 47270.77
WA TRAILS ASSN, 24000.00, 0.00, 0.00, 24000.00
WA TRUCKING ASSN, 50000.04, 34643.85, 0.00, 84643.89
WA TRUST FOR HISTORIC PRESERVATION, 24000.00, 0.00, 0.00, 24000.00
WA UNITED FOR FAIR REVENUE, 0.00, 0.00, 0.00, 0.00
WA VAPE ASSN, 29735.00, 296.97, 0.00, 30031.97
WA WATER POLICY ALLIANCE, 26832.00, 0.00, 0.00, 26832.00
WA WHOLESALE DRUGGIST ASSN, 60000.00, 30491.58, 0.00, 90491.58
WA WILDLIFE & RECREATION COALITION, 48000.00, 197.68, 0.00, 48197.68
WA WINE INSTITUTE, 36000.00, 5525.00, 0.00, 41525.00
WALGREENS, 69500.04, 1694.10, 0.00, 71194.14
WALLINGFORD COMMUNITY SENIOR CENTER, 100.00, 0.00, 0.00, 100.00
WAL-MART STORES, 109750.00, 38770.65, 0.00, 148520.65
WALTER KIDDE PORTABLE EQUIPMENT INC, 10500.00, 0.00, 0.00, 10500.00
WARSILA INC, 0.00, 0.00, 0.00, 0.00
WASHINGTON 2 ADVOCATES*, 0.00, 0.00, 0.00, 0.00
WASHINGTON BIKES, 35439.96, 1023.85, 0.00, 36463.81
WASHINGTON BUS, 345.44, 236.48, 0.00, 581.92
WASTE CONNECTIONS INC, 0.00, 0.00, 0.00, 0.00
WASTE MANAGEMENT INC, 0.00, 0.00, 2950.00, 2950.00
WAYA PARTNERS INC, 0.00, 0.00, 0.00, 0.00
WAYPOINT CONSULTING GROUP*, 22000.00, 0.00, 0.00, 22000.00
WELLS FARGO & CO, 39000.00, 14500.00, 0.00, 53500.00
WELLS FARGO BANK, 0.00, 0.00, 0.00, 0.00
WELLSPRING FAMILY SERVICES, 0.00, 0.00, 0.00, 0.00
WESLEY HOMES FOUNDATION, 8000.00, 0.00, 0.00, 8000.00
WESTERN STATES PETROLEUM ASSN, 319999.92, 78297.37, 0.00, 398297.29
WESTERN WA GOLF COURSE SUPERINTENDENTS ASSN, 14040.00, 0.00, 0.00, 14040.00
WESTERN WOOD PRESERVES INSTITUTE, 21000.00, 0.00, 0.00, 21000.00
WESTOUND STRATEGIC PARTNERS LLC*, 0.00, 0.00, 0.00, 0.00
WEYERHAEUSER CO, 121844.27, 72775.23, 13500.00, 208119.50
WGU WA, 0.00, 0.00, 0.00, 0.00
WHATCOM AG WATER BOARD, 1000.00, 0.00, 0.00, 1000.00
WHATCOM CO, 0.00, 0.00, 0.00, 0.00
WHATCOM CO COUNCIL OF GOVERNMENTS, 39690.00, 0.00, 0.00, 39690.00
WHITE TUDOR LLC*, 0.00, 0.00, 0.00, 0.00
WHITMAN CO COMMISSION, 0.00, 0.00, 0.00, 0.00
WILDERNESS SOCIETY, 0.00, 0.00, 0.00, 0.00
WILLAMETTE DENTAL MANAGEMENT CORP, 22000.00, 884.60, 0.00, 22884.60
WILLIAMS CO, 60000.00, 15000.00, 0.00, 75000.00
WILSON STRATEGIC COMMUNICATIONS*, 0.00, 0.00, 0.00, 0.00
WIN/WIN ACTION, 3000.00, 0.00, 0.00, 3000.00
WINE INSTITUTE, 43000.00, 262.23, 0.00, 43262.23
WITHIN REACH, 25200.00, 0.00, 0.00, 25200.00
WOODLAND PARK ZOO SOCIETY, 48000.00, 0.00, 53950.00, 101950.00
WOODRING KYLE, 0.00, 0.00, 0.00, 0.00
WORKING WA, 111.24, 156.00, 0.00, 267.24
WRIGHT RUNSTAD & CO, 33000.00, 176.43, 0.00, 33176.43
YAHOO INC, 57000.00, 8312.61, 0.00, 65312.61
YAKIMA CO, 0.00, 0.00, 0.00, 0.00
YAKIMA VALLEY MEMORIAL HOSPITAL, 60000.00, 0.00, 0.00, 60000.00
YMCA OF PIERCE & KISTAP COUNTIES, 10000.00, 0.00, 0.00, 10000.00
YMCA'S OF WA STATE, 0.00, 0.00, 0.00, 0.00
YOUNGS HOLDINGS INC, 72000.00, 36100.00, 0.00, 108100.00
YOUTH SUICIDE PREVENTION PROGRAM, 8250.00, 0.00, 0.00, 8250.00
YOUTHCARE, 5000.00, 0.00, 0.00, 5000.00
ZAYCON FOODS (THRU MULTISTATE), 30000.00, 0.00, 0.00, 30000.00
ZERO WASTE WA, 4805.98, 39.50, 0.00, 4845.48
